source,source_listing_id,source_url,search_segment,scraped_at,publication_date,last_updated_date,active_status,active_evidence,title,description,district,subarea,address,latitude,longitude,coord_source,coord_precision,geocoding_confidence,address_evidence,rent_original,rent_currency,rent_pen,rent_usd,rent_pen_basis,rent_usd_basis,rent_usd_published,rent_pen_published,rent_usd_published_diff_pct,maintenance_fee,maintenance_currency,maintenance_pen,maintenance_usd,maintenance_pen_basis,maintenance_usd_basis,maintenance_included_in_rent,estimated_total_monthly_pen,estimated_total_monthly_usd,fx_rate_usd_pen,property_type,operation,bedrooms,bathrooms,total_area_m2,built_area_m2,floor,total_floors,parking_spaces,parking_included,furnished,semi_furnished,balcony,terrace,laundry,interior_view,exterior_view,acoustic_windows,study,walk_in_closet,avenue_view,quiet_claim,studio_text,short_term_text,shared_room_text,internet_included,elevator,security_24h,gym,pool,coworking,common_areas,pets_allowed,minimum_contract_months,deposit_months,advance_months,utilities_included,agent_name,agency_name,advertiser_key,phone,whatsapp,main_image_url,image_count,raw_description,duplicate_group_id,dedupe_evidence,is_canonical,duplicate_sources,duplicate_urls,number_of_sources,number_of_records,dup_inconsistencies,fields_filled_from_duplicates,possible_duplicate_of,dist_major_road_m,major_road_name,dist_arterial_road_m,arterial_road_name,dist_nightclub_m,nightclub_name,dist_supermarket_m,supermarket_name,dist_pharmacy_m,pharmacy_name,dist_park_m,park_name,dist_cafe_m,cafe_name,dist_transit_m,transit_name,dist_malecon_m,malecon_name,bars_within_m,restaurants_within_m,bar_names_nearby,inside_district_polygon,dist_outside_district_m,qa_status,qa_notes,qa_checked_at,quietness_score_0_100,quietness_supported,noise_risk,noise_confidence,noise_label,quietness_reason,pts_quietness,pts_budget,pts_space,pts_location,pts_furnishing,pts_building,pts_listing_quality,category,exclusion_reason,space_band,area_m2,area_basis,location_notes,fit_score,budget_class,budget_note,foreign_tenant_friendliness,foreign_tenant_evidence,red_flags,rent_usd_per_m2,value_band,value_percentile,main_advantage,main_drawback,estimated_total_text,rank_in_category
adondevivir,151162497,https://www.adondevivir.com/propiedades/clasificado/alclapin-departamento-en-alquiler-en-miraflores-151162497.html?n_src=Listado&n_pills=Ascensor&n_pg=1&n_pos=3,1BR,2026-09-24T20:38:05-05:00,,,LIKELY_ACTIVE,returned by a live adondevivir search at 2026-09-24T20:38:05-05:00,Departamento · 62m² · 1 Dormitorio · 1 Estacionamiento · Departamento en Alquiler en Miraflores,"Se alquila departamento totalmente amoblado Y con cocheradepartamento en piso 6Cochera en sótanoÁrea: 62. 65 m²Características: * Sala-comedor iluminada con mampara. * Cocina totalmente equipada, con refrigeradora y congeladora independientes. * 1 baño con mampara de vidrio y therma para agua caliente. * Vista exterior. * Ambiente tranquilo. * 1 dormitorio. * Amplios closets. * Buena iluminación y ventilación. * Edificio con elevador. * Antigüedad: 2010 (16 años). * 4 departamentos por piso. * 7 pisos. * Seguridad 24/7. * No se aceptan mascotas. Condiciones de alquiler: * Alquiler mensual: us$850. * Mantenimiento: S/295mensuales. * Agua: aprox. S/50 mensuales. * Luz: aprox. S/70 mensuales. * Arbitrios: aprox. S/820 soles, 4 trimestres. * Garantía: 2 meses de depósito. * Adelanto: 1 mes.",Miraflores,Lima,,,,,,,,2600.0,PEN,2600.0,768.09,PUBLISHED,CALCULATED,770.0,2600.0,0.2,295.0,PEN,295.0,87.15,PUBLISHED,CALCULATED,,2895.0,855.24,3.385,Departamento,alquiler,1,1.0,62.0,,,,,True,True,,,,,,True,,,True,,True,,,,,True,True,,,,,False,,2.0,1.0,,,,logo:1110103137746,,,https://img10.naventcdn.com/avisos/111/01/51/16/24/86/360x266/1632983666.jpg?rapc=bXZhX2ltYWdl?isFirstImage=true,1,"Se alquila departamento totalmente amoblado Y con cocheradepartamento en piso 6Cochera en sótanoÁrea: 62. 65 m²Características: * Sala-comedor iluminada con mampara. * Cocina totalmente equipada, con refrigeradora y congeladora independientes. * 1 baño con mampara de vidrio y therma para agua caliente. * Vista exterior. * Ambiente tranquilo. * 1 dormitorio. * Amplios closets. * Buena iluminación y ventilación. * Edificio con elevador. * Antigüedad: 2010 (16 años). * 4 departamentos por piso. * 7 pisos. * Seguridad 24/7. * No se aceptan mascotas. Condiciones de alquiler: * Alquiler mensual: us$850. * Mantenimiento: S/295mensuales. * Agua: aprox. S/50 mensuales. * Luz: aprox. S/70 mensuales. * Arbitrios: aprox. S/820 soles, 4 trimestres. * Garantía: 2 meses de depósito. * Adelanto: 1 mes.",G0022,,True,adondevivir,https://www.adondevivir.com/propiedades/clasificado/alclapin-departamento-en-alquiler-en-miraflores-151162497.html?n_src=Listado&n_pills=Ascensor&n_pg=1&n_pos=3,1,1,,,,,,,,,,,,,,,,,,,,,,,,,,,UNVERIFIED_NOT_RETURNED,"no contact channel; Apify re-check (0 items, USD 0.000) did not return this listing — open the link manually",2026-09-24T20:42:10-05:00,52,True,MEDIUM,LOW,NOISE UNCERTAIN,No usable coordinates — text evidence only; seller describes the street as quiet (unverified claim). Quietness estimate: low confidence.,13.0,16.9,19.5,5.0,8.0,4.9,3.5,PRIMARY,,VERY_SPACIOUS,62.0,total,location data unavailable (neutral score),70.8,STRICT_ALL_IN,all-in ≈ USD 855,UNKNOWN,furnished,INCOMPLETE_ADDRESS; INCOMPLETE_CONTACT; NO_COORDINATES; NO_PUBLICATION_DATE; PRICE_CONVERTED_FROM_PEN,12.39,EXCELLENT_VALUE,6.0,62 m² area — very spacious for a 1-bedroom; USD 12.4/m² (excellent value vs other 1BR in sample); furnished,no map location — noise estimate is text-only,≈ USD 855 (USD 768 rent + S/ 295 maintenance),1
urbania,151122912,https://urbania.pe/inmueble/clasificado/alclapin-alquiler-de-departamento-en-miraflores-lima-1-dormitorio-151122912?n_src=Listado&n_pills=Piscina&n_pg=1&n_pos=9,1BR,2026-09-24T20:36:52-05:00,,,LIKELY_ACTIVE,returned by a live urbania search at 2026-09-24T20:36:52-05:00,Departamento · 42m² · 1 Dormitorio · 1 Estacionamiento · Departamento en Miraflores,"Vive en una de las zonas más exclusivas y atractivas de Miraflores! Se alquila moderno mini departamento amoblado y de estreno de 42 m², ubicado en Miraflores, al costado del cc 28 de Julio y a solo 5 minutos del Parque Kennedy. Su ubicación privilegiada permite disfrutar de fácil acceso a restaurantes, cafés, comercios, supermercados, parques y principales vías del distrito. El departamento se encuentra en el piso 8, con vista interior, y cuenta con una distribución funcional y moderna. Dispone de un amplio dormitorio con closet, baño completo y balcón/terraza. La kitchenette está completamente equipada, ideal para quienes buscan comodidad y practicidad desde el primer día. Características del departamento: • Área: 42 m²• Departamento de estreno• Totalmente amoblado y equipado• Piso 8 con vista interior• Amplio dormitorio• 1 baño completo• Balcón/terraza• Kitchenette equipada• Cocina a gas Calidda• Campana extractora• Refrigeradora• Microondas• Reposteros altos y bajos• Tablero de cuarzo blanco• TelevisorÁreas comunes: • Piscina• Gimnasio• 2 áreas de parrilla en rooftop• Lavandería común• Áreas de recreación para adultos y niños• Ascensores• Guardianía y seguridad 24 horas• Cámaras de seguridadRenta mensual: S/ 2, 850Condiciones de alquiler: • Modalidad: 2 x 1 (2 meses de garantía + 1 mes de adelanto) • Mantenimiento: S/ 200 aproxIdeal para una persona o pareja que busca vivir en una zona privilegiada de Miraflores, con comodidad, seguridad y excelentes áreas comunes.",Miraflores,Lima,,,,,,,,2800.0,PEN,2800.0,827.18,PUBLISHED,CALCULATED,823.0,2800.0,-0.5,200.0,PEN,200.0,59.08,PUBLISHED,CALCULATED,,3000.0,886.26,3.385,Departamento,alquiler,1,1.0,42.0,,8.0,,,True,True,,True,True,True,True,,,,,,,True,,,,True,True,True,True,,True,,2.0,2.0,1.0,,,,logo:1110001587113,,,https://img10.naventcdn.com/avisos/111/01/51/12/29/12/360x266/1632178954.jpg?isFirstImage=true,1,"Vive en una de las zonas más exclusivas y atractivas de Miraflores! Se alquila moderno mini departamento amoblado y de estreno de 42 m², ubicado en Miraflores, al costado del cc 28 de Julio y a solo 5 minutos del Parque Kennedy. Su ubicación privilegiada permite disfrutar de fácil acceso a restaurantes, cafés, comercios, supermercados, parques y principales vías del distrito. El departamento se encuentra en el piso 8, con vista interior, y cuenta con una distribución funcional y moderna. Dispone de un amplio dormitorio con closet, baño completo y balcón/terraza. La kitchenette está completamente equipada, ideal para quienes buscan comodidad y practicidad desde el primer día. Características del departamento: • Área: 42 m²• Departamento de estreno• Totalmente amoblado y equipado• Piso 8 con vista interior• Amplio dormitorio• 1 baño completo• Balcón/terraza• Kitchenette equipada• Cocina a gas Calidda• Campana extractora• Refrigeradora• Microondas• Reposteros altos y bajos• Tablero de cuarzo blanco• TelevisorÁreas comunes: • Piscina• Gimnasio• 2 áreas de parrilla en rooftop• Lavandería común• Áreas de recreación para adultos y niños• Ascensores• Guardianía y seguridad 24 horas• Cámaras de seguridadRenta mensual: S/ 2, 850Condiciones de alquiler: • Modalidad: 2 x 1 (2 meses de garantía + 1 mes de adelanto) • Mantenimiento: S/ 200 aproxIdeal para una persona o pareja que busca vivir en una zona privilegiada de Miraflores, con comodidad, seguridad y excelentes áreas comunes.",G0006,"≈adondevivir:151122933 (same area, same price, same bathrooms, same maintenance, same advertiser, similar title, description 100% similar, shared photo id)",True,adondevivir; urbania,https://urbania.pe/inmueble/clasificado/alclapin-alquiler-de-departamento-en-miraflores-lima-1-dormitorio-151122912?n_src=Listado&n_pills=Piscina&n_pg=1&n_pos=9; https://www.adondevivir.com/propiedades/clasificado/alclapin-departamento-en-miraflores-151122933.html?n_src=Listado&n_pills=Seguridad&n_pg=1&n_pos=4,2,2,,,,,,,,,,,,,,,,,,,,,,,,,,,UNVERIFIED_NOT_RETURNED,"no contact channel; Apify re-check (1 items, USD 0.022) did not return this listing — open the link manually",2026-09-24T20:42:10-05:00,58,True,MEDIUM,LOW,POSSIBLY QUIET,No usable coordinates — text evidence only; listing says interior-facing / contrafrente; high floor (8). Quietness estimate: low confidence.,14.5,16.27,12.5,5.0,8.0,7.0,4.5,PRIMARY,,ACCEPTABLE,42.0,total,location data unavailable (neutral score),67.8,STRICT_ALL_IN,all-in ≈ USD 886,UNKNOWN,furnished; minimum stay 2 months,INCOMPLETE_ADDRESS; INCOMPLETE_CONTACT; NO_COORDINATES; NO_PUBLICATION_DATE; PRICE_CONVERTED_FROM_PEN; STUDIO_WORDING,19.69,EXPENSIVE_RELATIVE_TO_SAMPLE,86.0,interior-facing; furnished; building security/controlled access,no map location — noise estimate is text-only,≈ USD 886 (USD 827 rent + S/ 200 maintenance),2
urbania,150746422,https://urbania.pe/inmueble/clasificado/alclapin-alquiler-de-departamento-en-miraflores-lima-1-dormitorio-150746422?n_src=Listado&n_pills=Ascensor&n_pg=1&n_pos=8,1BR,2026-09-24T20:36:52-05:00,,,LIKELY_ACTIVE,returned by a live urbania search at 2026-09-24T20:36:52-05:00,Departamento · 71m² · 1 Dormitorio · 1 Estacionamiento · Dúplex en Alquiler | Amoblado | Cochera | 1 Dorm.,"área total: 71. 83 m2Dúplex con vista interior ubicado en una de las mejores zonas de Miraflores. Ubicado en Calle Bellavista, a 1 cuadra del Malecón Balta, del Parque Kennedy y de Wong Balta, a 3 cuadras de la Av. Benavides. Cerca de supermercados, tiendas, restaurantes, bancos, gimnasios, comercios y más. Completamente amoblado. Piso 5. No se aceptan mascotas. - Sala-comedor. - Cocina kitchenette con mesa de cuarzo y reposteros altos y bajos. * Cocina totalmente equipada. - 1 Dormitorio que cuentan con escritorio, closet empotrado y baño incorporado. - Closet de lavado. - Estacionamiento. Áreas comunes: - Lobby. - Patio. Precio: $900. 00tc Referencial.",Miraflores,Lima,,,,,,,,3060.0,PEN,3060.0,903.99,PUBLISHED,CALCULATED,900.0,3060.0,-0.4,300.0,PEN,300.0,88.63,PUBLISHED,CALCULATED,,3360.0,992.62,3.385,Departamento,alquiler,1,1.0,71.0,,5.0,,,True,True,,,,,True,,,True,,,,,,,,,,True,,,True,False,,,,,,,logo:1110001638271,,,https://img10.naventcdn.com/avisos/111/01/50/74/64/22/360x266/1624587564.jpg?isFirstImage=true,1,"área total: 71. 83 m2Dúplex con vista interior ubicado en una de las mejores zonas de Miraflores. Ubicado en Calle Bellavista, a 1 cuadra del Malecón Balta, del Parque Kennedy y de Wong Balta, a 3 cuadras de la Av. Benavides. Cerca de supermercados, tiendas, restaurantes, bancos, gimnasios, comercios y más. Completamente amoblado. Piso 5. No se aceptan mascotas. - Sala-comedor. - Cocina kitchenette con mesa de cuarzo y reposteros altos y bajos. * Cocina totalmente equipada. - 1 Dormitorio que cuentan con escritorio, closet empotrado y baño incorporado. - Closet de lavado. - Estacionamiento. Áreas comunes: - Lobby. - Patio. Precio: $900. 00tc Referencial.",G0005,,True,urbania,https://urbania.pe/inmueble/clasificado/alclapin-alquiler-de-departamento-en-miraflores-lima-1-dormitorio-150746422?n_src=Listado&n_pills=Ascensor&n_pg=1&n_pos=8,1,1,,,,,,,,,,,,,,,,,,,,,,,,,,,UNVERIFIED_NOT_RETURNED,"no contact channel; Apify re-check (1 items, USD 0.022) did not return this listing — open the link manually",2026-09-24T20:42:10-05:00,56,True,MEDIUM,LOW,POSSIBLY QUIET,No usable coordinates — text evidence only; listing says interior-facing / contrafrente; listing mentions 'av. benavides' (major arterial) — check the distance. Quietness estimate: low confidence.,14.0,14.15,20.0,5.0,8.0,2.1,3.5,PRIMARY,,VERY_SPACIOUS,71.0,total,location data unavailable (neutral score),66.8,STRICT_ALL_IN,all-in ≈ USD 993,UNKNOWN,furnished,INCOMPLETE_ADDRESS; INCOMPLETE_CONTACT; MAJOR_ARTERIAL_MENTIONED; NO_COORDINATES; NO_PUBLICATION_DATE; PRICE_CONVERTED_FROM_PEN,12.73,GOOD_VALUE,28.0,71 m² area — very spacious for a 1-bedroom; interior-facing; USD 12.7/m² (good value vs other 1BR in sample),no map location — noise estimate is text-only,≈ USD 993 (USD 904 rent + S/ 300 maintenance),3
urbania,151111723,https://urbania.pe/inmueble/clasificado/alclapin-alquiler-de-departamento-en-san-antonio-miraflores-1-dormitorio-151111723?n_src=Listado&n_pills=Ascensor&n_pg=1&n_pos=6,1BR,2026-09-24T20:36:52-05:00,,,LIKELY_ACTIVE,returned by a live urbania search at 2026-09-24T20:36:52-05:00,"Departamento · 40m² · 1 Dormitorio · Departamento Amoblado de Estreno, Miraflores - Urban Heights","Modernidad, ubicación y un estilo de vida en Miraflores. Av. Paseo de la República, la zona más conectadas del distrito. A pasos del Parque Kennedy, al costado del C. C. 28 de julioPiso 19 - No Incluye Cochera - De Estreno - Amoblado40 m² | 1 dormitorio | 1 baño completos | Sala-comedor con balcón | Cocina americana | Vista InternaDistribución: • Sala-comedor bien iluminada con balcón• Cocina americana con tablero de cuarzo y lavandería. • Dormitorio principal cama queen, closet y baño completo. • Espacios funcionales, pensados para un estilo de vida ágil. Características del edificio: • Edificio moderno de estreno• Seguridad 24/7• Piscina y Jacuzzi• Gym muy bien equipado• Coworking• Gimnasio• 2 Zonas bbq• Parqueadero de bicicletas• Pet showerOtros detalles: • Medidor de agua independiente• Alquiler: S/ 2, 600• Mantenimiento: S/ 200 aprox",Miraflores,San Antonio,,,,,,,,2600.0,PEN,2600.0,768.09,PUBLISHED,CALCULATED,775.0,2600.0,0.9,200.0,PEN,200.0,59.08,PUBLISHED,CALCULATED,,2800.0,827.17,3.385,Departamento,alquiler,1,1.0,40.0,,,,,False,True,,True,,True,True,,,,,,,,,,,,True,True,True,True,True,,,,,,,,logo:1110001644876,,,https://img10.naventcdn.com/avisos/111/01/51/11/17/23/360x266/1631965235.jpg?isFirstImage=true,1,"Modernidad, ubicación y un estilo de vida en Miraflores. Av. Paseo de la República, la zona más conectadas del distrito. A pasos del Parque Kennedy, al costado del C. C. 28 de julioPiso 19 - No Incluye Cochera - De Estreno - Amoblado40 m² | 1 dormitorio | 1 baño completos | Sala-comedor con balcón | Cocina americana | Vista InternaDistribución: • Sala-comedor bien iluminada con balcón• Cocina americana con tablero de cuarzo y lavandería. • Dormitorio principal cama queen, closet y baño completo. • Espacios funcionales, pensados para un estilo de vida ágil. Características del edificio: • Edificio moderno de estreno• Seguridad 24/7• Piscina y Jacuzzi• Gym muy bien equipado• Coworking• Gimnasio• 2 Zonas bbq• Parqueadero de bicicletas• Pet showerOtros detalles: • Medidor de agua independiente• Alquiler: S/ 2, 600• Mantenimiento: S/ 200 aprox",G0003,"≈adondevivir:151111737 (same area, same price, same bathrooms, same maintenance, same advertiser, similar title, description 100% similar, shared photo id)",True,adondevivir; urbania,https://urbania.pe/inmueble/clasificado/alclapin-alquiler-de-departamento-en-san-antonio-miraflores-1-dormitorio-151111723?n_src=Listado&n_pills=Ascensor&n_pg=1&n_pos=6; https://www.adondevivir.com/propiedades/clasificado/alclapin-departamento-amoblado-de-estreno-miraflores-urban-151111737.html?n_src=Listado&n_pills=Parrilla&n_pg=1&n_pos=15,2,2,,,,,,,,,,,,,,,,,,,,,,,,,,,UNVERIFIED_NOT_RETURNED,"no contact channel; Apify re-check (1 items, USD 0.022) did not return this listing — open the link manually",2026-09-24T20:42:10-05:00,56,True,MEDIUM,LOW,POSSIBLY QUIET,No usable coordinates — text evidence only; listing says interior-facing / contrafrente; listing mentions 'paseo de la republica' (major arterial) — check the distance. Quietness estimate: low confidence.,14.0,17.46,12.5,5.0,8.0,4.55,4.5,PRIMARY,,ACCEPTABLE,40.0,total,location data unavailable (neutral score),66.0,STRICT_ALL_IN,all-in ≈ USD 827,UNKNOWN,furnished,INCOMPLETE_ADDRESS; INCOMPLETE_CONTACT; MAJOR_ARTERIAL_MENTIONED; NO_COORDINATES; NO_PUBLICATION_DATE; PRICE_CONVERTED_FROM_PEN,19.2,FAIR_VALUE,75.0,interior-facing; all-in ≈ USD 827/month; furnished,no map location — noise estimate is text-only,≈ USD 827 (USD 768 rent + S/ 200 maintenance),4
urbania,151178161,https://urbania.pe/inmueble/clasificado/alclapin-alquiler-de-departamento-en-miraflores-lima-1-dormitorio-151178161?n_src=Listado&n_pills=Parrilla&n_pg=1&n_pos=11,1BR,2026-09-24T20:36:52-05:00,,,LIKELY_ACTIVE,returned by a live urbania search at 2026-09-24T20:36:52-05:00,Departamento · 41m² · 1 Dormitorio · Departamento en Alquiler de 41 m² en Miraflores,"Departamento en alquilerdepartamento 41m2Piso 4 - Vista Interna1 Dormitorio 1 BañoUbicado en Miraflores, Cdra. 61 de Av. Paseo de la República) Mantenimiento S/250 Inc. AguaArbitrios: S/ 65 soles aproxno se aceptan mascotasconsta de sala comedor con balcón vista interna, cocina abierta con muebles altos y bajos. Closet lavanderia. Baño completo. Dormitorio amplio con closet. Piso spc en todo el departamento. Incluido: Cocina encimera, campana y therma a gas. Areas comunes: Piscina, 2 áreas de parrilla, área de billar con bar, coworking, areas verdes, sum. Requisitos: - No estar en infocorp- Evidencia de ingresos- Contrato minimo 1 añomodalidad: 2 x 1 (2 meses de garantía y 1 de adelanto) precio dpto alquiler: S/ 2, 400no tiene cochera",Miraflores,Lima,,-12.1313359,-77.0219665,GEOCODED_TEXT,STREET_LEVEL,MEDIUM,STREET_BLOCK from description: “Cdra. 61 de Av. Paseo de la República”,2300.0,PEN,2300.0,679.47,PUBLISHED,CALCULATED,685.0,2300.0,0.8,250.0,PEN,250.0,73.86,PUBLISHED,CALCULATED,,2550.0,753.33,3.385,Departamento,alquiler,1,1.0,41.0,,,,,False,,,True,,True,True,,,,,,,,,,,,,,True,True,True,False,2.0,2.0,,,,,logo:1110001640806,,,https://img10.naventcdn.com/avisos/111/01/51/17/81/61/360x266/1633491011.jpg?isFirstImage=true,1,"Departamento en alquilerdepartamento 41m2Piso 4 - Vista Interna1 Dormitorio 1 BañoUbicado en Miraflores, Cdra. 61 de Av. Paseo de la República) Mantenimiento S/250 Inc. AguaArbitrios: S/ 65 soles aproxno se aceptan mascotasconsta de sala comedor con balcón vista interna, cocina abierta con muebles altos y bajos. Closet lavanderia. Baño completo. Dormitorio amplio con closet. Piso spc en todo el departamento. Incluido: Cocina encimera, campana y therma a gas. Areas comunes: Piscina, 2 áreas de parrilla, área de billar con bar, coworking, areas verdes, sum. Requisitos: - No estar en infocorp- Evidencia de ingresos- Contrato minimo 1 añomodalidad: 2 x 1 (2 meses de garantía y 1 de adelanto) precio dpto alquiler: S/ 2, 400no tiene cochera",G0008,"≈adondevivir:151178175 (same area, same price, same bathrooms, same maintenance, same advertiser, similar title, description 100% similar, shared photo id)",True,adondevivir; urbania,https://urbania.pe/inmueble/clasificado/alclapin-alquiler-de-departamento-en-miraflores-lima-1-dormitorio-151178161?n_src=Listado&n_pills=Parrilla&n_pg=1&n_pos=11; https://www.adondevivir.com/propiedades/clasificado/alclapin-departamento-en-alquiler-de-41-m-sup2--en-miraflores-151178175.html?n_src=Listado&n_pills=Parrilla&n_pg=1&n_pos=6,2,2,,,G0001,0.0,Avenida Paseo de la República,142.0,Avenida 28 de Julio,1117.0,El Dragón,180.0,(unnamed),215.0,Mifarma,293.0,Parque Melitón Porras,59.0,La Finca Cafe,177.0,(unnamed),463.0,Malecón Diez Canseco,0.0,0.0,,,,UNVERIFIED_NOT_RETURNED,"no contact channel; Apify re-check (1 items, USD 0.022) did not return this listing — open the link manually",2026-09-24T20:42:10-05:00,52,True,MEDIUM,LOW,POSSIBLY QUIET,0 m from Avenida Paseo de la República (major road); no nightclub mapped within 500 m; listing says interior-facing / contrafrente; listing address is on Avenida Paseo de la República — a major arterial (Vía Expresa); portal location is approximate. Quietness estimate: low confidence.,13.0,18.93,12.5,10.0,2.8,2.1,5.5,PRIMARY,,ACCEPTABLE,41.0,total,"supermarket 180 m, pharmacy 215 m, park 293 m, café 59 m, bus/Metropolitano stop 177 m, Malecón 463 m",64.8,STRICT_ALL_IN,all-in ≈ USD 753,UNKNOWN,minimum stay 2 months,APPROXIMATE_LOCATION; DIRECT_MAJOR_AVENUE; INCOMPLETE_ADDRESS; INCOMPLETE_CONTACT; NO_PUBLICATION_DATE; ON_MAJOR_ARTERIAL; POSSIBLE_DUPLICATE; PRICE_CONVERTED_FROM_PEN,16.57,FAIR_VALUE,53.0,interior-facing; all-in ≈ USD 753/month; balcony/terrace,on a major arterial (see noise evidence) — check traffic noise in the bedroom,≈ USD 753 (USD 679 rent + S/ 250 maintenance),5
adondevivir,150877601,https://www.adondevivir.com/propiedades/clasificado/alclapin-alquilo-departamento-amoblado-de-1-habitacion-en-150877601.html?n_src=Listado&n_pills=%C3%81rea+de+lavander%C3%ADa&n_pg=1&n_pos=2,1BR,2026-09-24T20:38:05-05:00,,,LIKELY_ACTIVE,returned by a live adondevivir search at 2026-09-24T20:38:05-05:00,"Departamento de 1 habitación, Lima · Alquilo Departamento Amoblado de 1 Habitación en Miraflores","Amplio y moderno, ideal para quienes buscan un hogar elegante, funcional y listo para disfrutar desde el primer día. La propiedad cuenta con una excelente distribución y ambientes generosos, destacando su diseño contemporáneo. Distribución y características. - Amplia habitación principal, diseñada para ofrecer máximo confort con gran clóset, baño incorporado y Balcón con vista externa, que aporta iluminación y amplitud al ambiente. Este lindo espacio amoblado para tomar el té o disfrutar de un momento de relax, aprovechando agradablemente el área. - Sala y comedor integrados, con mobiliario moderno y actual con vista interna. - Cocina abierta estilo americano, perfectamente integrada al área social. - 2 baños en total. - Habitacion con balcon vista externa, Completamente amoblado y equipado, con muebles de diseño moderno y una decoración sobria y actual, Baño incorporado. - Cochera incluida. Una ubicación privilegiada en Miraflores. Disfruta de la comodidad de vivir en una zona con excelente conectividad y acceso a todo lo que necesitas para tu día a día. El departamento se encuentra rodeado de una amplia oferta de restaurantes, cafeterías, supermercados, tiendas, comercios y servicios y a pasos del Parque Kennedy, permitiéndote resolver tus actividades cotidianas a pocos minutos de casa. Ideal para una persona o pareja que valore los espacios amplios, el buen gusto y la comodidad de vivir en Miraflores. Mantenimiento S/330 aprox. Se permite mascota (garantia adicional de S/1000) Alquiler S/3000 contrato mínimo 12 meses, modalidad 2 meses de garantía y 1 mes de adelanto. Interesados Comunicarse por interno.",Miraflores,Lima,,,,,,,,3000.0,PEN,3000.0,886.26,PUBLISHED,CALCULATED,892.0,3000.0,0.6,330.0,PEN,330.0,97.49,PUBLISHED,CALCULATED,,3330.0,983.75,3.385,Departamento,alquiler,1,2.0,71.0,,,,,,True,,True,,,True,,,,,,,,,,,,,,,,,,12.0,2.0,1.0,,,,logo:1110001630048,,,https://img10.naventcdn.com/avisos/111/01/50/87/75/75/360x266/1627305084.jpg?rapc=bXZhX2ltYWdl?isFirstImage=true,1,"Amplio y moderno, ideal para quienes buscan un hogar elegante, funcional y listo para disfrutar desde el primer día. La propiedad cuenta con una excelente distribución y ambientes generosos, destacando su diseño contemporáneo. Distribución y características. - Amplia habitación principal, diseñada para ofrecer máximo confort con gran clóset, baño incorporado y Balcón con vista externa, que aporta iluminación y amplitud al ambiente. Este lindo espacio amoblado para tomar el té o disfrutar de un momento de relax, aprovechando agradablemente el área. - Sala y comedor integrados, con mobiliario moderno y actual con vista interna. - Cocina abierta estilo americano, perfectamente integrada al área social. - 2 baños en total. - Habitacion con balcon vista externa, Completamente amoblado y equipado, con muebles de diseño moderno y una decoración sobria y actual, Baño incorporado. - Cochera incluida. Una ubicación privilegiada en Miraflores. Disfruta de la comodidad de vivir en una zona con excelente conectividad y acceso a todo lo que necesitas para tu día a día. El departamento se encuentra rodeado de una amplia oferta de restaurantes, cafeterías, supermercados, tiendas, comercios y servicios y a pasos del Parque Kennedy, permitiéndote resolver tus actividades cotidianas a pocos minutos de casa. Ideal para una persona o pareja que valore los espacios amplios, el buen gusto y la comodidad de vivir en Miraflores. Mantenimiento S/330 aprox. Se permite mascota (garantia adicional de S/1000) Alquiler S/3000 contrato mínimo 12 meses, modalidad 2 meses de garantía y 1 mes de adelanto. Interesados Comunicarse por interno.",G0021,,True,adondevivir,https://www.adondevivir.com/propiedades/clasificado/alclapin-alquilo-departamento-amoblado-de-1-habitacion-en-150877601.html?n_src=Listado&n_pills=%C3%81rea+de+lavander%C3%ADa&n_pg=1&n_pos=2,1,1,,,G0009,,,,,,,,,,,,,,,,,,,,,,,,UNVERIFIED_NOT_RETURNED,"no contact channel; Apify re-check (0 items, USD 0.000) did not return this listing — open the link manually",2026-09-24T20:42:10-05:00,56,True,MEDIUM,LOW,POSSIBLY QUIET,No usable coordinates — text evidence only; listing says interior-facing / contrafrente. Quietness estimate: low confidence.,14.0,14.32,20.0,5.0,8.0,0.0,3.5,PRIMARY,,VERY_SPACIOUS,71.0,total,location data unavailable (neutral score),64.8,STRICT_ALL_IN,all-in ≈ USD 984,UNKNOWN,furnished; minimum stay 12 months,INCOMPLETE_ADDRESS; INCOMPLETE_CONTACT; NO_COORDINATES; NO_PUBLICATION_DATE; POSSIBLE_DUPLICATE; PRICE_CONVERTED_FROM_PEN,12.48,EXCELLENT_VALUE,17.0,71 m² area — very spacious for a 1-bedroom; interior-facing; USD 12.5/m² (excellent value vs other 1BR in sample),no map location — noise estimate is text-only,≈ USD 984 (USD 886 rent + S/ 330 maintenance),6
adondevivir,146109648,https://www.adondevivir.com/propiedades/clasificado/alclapin-loft-45-m-sup2--amoblado-y-equipado-1-dorm-area-146109648.html?n_src=Listado&n_pills=Seguridad&n_pg=1&n_pos=13,1BR,2026-09-24T20:38:05-05:00,,,LIKELY_ACTIVE,returned by a live adondevivir search at 2026-09-24T20:38:05-05:00,"Departamento de 1 habitación, Lima · Loft 45 m² Amoblado y Equipado 1 Dorm Area Comunes Piscina Gym Terraza","Lotf con vista panoramica A la calle. Amoblado y Equipado. loft, piso 15; Vista a la calle. Kitchenette, 1 dormitorio, 1. 0 baño, Ascensor, Balcón de 2. 00 m2; Guardianía. Áreas comunes: Área de bbq común. citas A partir del lunes 14 setiembre. Ingreso ambiente con mueble zona de cocina con repostero alto y bajo, equipada con cocina empotrada eléctrica de 02 platos, horno microondas, refrigeradora con dispensador de agua. Area dormitorio luminaria con ventilador, cama, closet con televisor y balcón con vista panorámica. Áreas comunes: Área de trabajo, zona para niños y gimnasio. Terraza con 02 áreas de parrillas y piscina.",Miraflores,Lima,,,,,,,,2452.0,PEN,2452.0,724.37,PUBLISHED,CALCULATED,730.0,2452.0,0.8,250.0,PEN,250.0,73.86,PUBLISHED,CALCULATED,,2702.0,798.23,3.385,Departamento,alquiler,1,1.0,45.0,,15.0,,,,True,,True,True,,,True,,,,,,True,,,,True,True,True,True,,True,,,,,,,,logo:1110001261254,,,https://img10.naventcdn.com/avisos/111/01/46/10/92/45/360x266/1527359889.jpg?rapc=bXZhX2ltYWdl?isFirstImage=true,1,"Lotf con vista panoramica A la calle. Amoblado y Equipado. loft, piso 15; Vista a la calle. Kitchenette, 1 dormitorio, 1. 0 baño, Ascensor, Balcón de 2. 00 m2; Guardianía. Áreas comunes: Área de bbq común. citas A partir del lunes 14 setiembre. Ingreso ambiente con mueble zona de cocina con repostero alto y bajo, equipada con cocina empotrada eléctrica de 02 platos, horno microondas, refrigeradora con dispensador de agua. Area dormitorio luminaria con ventilador, cama, closet con televisor y balcón con vista panorámica. Áreas comunes: Área de trabajo, zona para niños y gimnasio. Terraza con 02 áreas de parrillas y piscina.",G0023,,True,adondevivir,https://www.adondevivir.com/propiedades/clasificado/alclapin-loft-45-m-sup2--amoblado-y-equipado-1-dorm-area-146109648.html?n_src=Listado&n_pills=Seguridad&n_pg=1&n_pos=13,1,1,,,,,,,,,,,,,,,,,,,,,,,,,,,UNVERIFIED_NOT_RETURNED,"no contact channel; Apify re-check (0 items, USD 0.000) did not return this listing — open the link manually",2026-09-24T20:42:10-05:00,52,True,MEDIUM,LOW,NOISE UNCERTAIN,No usable coordinates — text evidence only; high floor (15). Quietness estimate: low confidence.,13.0,18.04,12.0,5.0,8.0,4.9,3.5,PRIMARY,,ACCEPTABLE,45.0,total,location data unavailable (neutral score),64.4,STRICT_ALL_IN,all-in ≈ USD 798,UNKNOWN,furnished,INCOMPLETE_ADDRESS; INCOMPLETE_CONTACT; NO_COORDINATES; NO_PUBLICATION_DATE; PRICE_CONVERTED_FROM_PEN; STUDIO_WORDING,16.1,GOOD_VALUE,44.0,USD 16.1/m² (good value vs other 1BR in sample); all-in ≈ USD 798/month; furnished,no map location — noise estimate is text-only,≈ USD 798 (USD 724 rent + S/ 250 maintenance),7
urbania,151124896,https://urbania.pe/inmueble/clasificado/alclapin-alquiler-de-departamento-en-miraflores-lima-1-dormitorio-151124896?n_src=Listado&n_pills=Guardian%C3%ADa%2FSeguridad+privada&n_pg=1&n_pos=5,1BR,2026-09-24T20:36:52-05:00,,,LIKELY_ACTIVE,returned by a live urbania search at 2026-09-24T20:36:52-05:00,"Departamento de 1 habitación, Lima · Moderno Departamento de 1 Habitacion + Balcón | Miraflores | 43 m²","Departamento amoblado en alquiler ubicado en el distrito de Miraflores. El inmueble se encuentra en el piso 3 y cuenta con 43 m2 de superficie construida. caracteristicas. - Departamento amoblado y equipado. - 1 dormitorio principal. - Walk-in closet. - Baño incorporado en el dormitorio. - Sala-comedor de concepto abierto. - Balcón. - Cocina integrada. - Comedor diario. Edificio. - Recepción con control de accesos. - Seguridad con video vigilancia. - Piscina. - Gimnasio. - Terraza. - Área de bbq con parrilla. - Lavandería. Ubicacion. - Ubicado en una zona residencial muy cotizada de Miraflores, a pocas cuadras de parques, centros comerciales, restaurantes y colegios de primer nivel. Condiciones. - Contrato mínimo de 12 meses. - Modalidad 2x1 (2 meses de garantía y 1 mes de adelanto de renta) - No se permite el retiro de muebles",Miraflores,Lima,,,,,,,,2528.0,PEN,2528.0,746.82,PUBLISHED,CALCULATED,750.0,2528.0,0.4,290.0,PEN,290.0,85.67,PUBLISHED,CALCULATED,,2818.0,832.49,3.385,Departamento,alquiler,1,1.0,43.0,,3.0,,,,True,,True,True,True,,,,,True,,True,,,,,,True,True,True,,True,,12.0,2.0,1.0,,,,logo:1110050878153,,,https://img10.naventcdn.com/avisos/111/01/51/12/48/96/360x266/1632221060.jpg?isFirstImage=true,1,"Departamento amoblado en alquiler ubicado en el distrito de Miraflores. El inmueble se encuentra en el piso 3 y cuenta con 43 m2 de superficie construida. caracteristicas. - Departamento amoblado y equipado. - 1 dormitorio principal. - Walk-in closet. - Baño incorporado en el dormitorio. - Sala-comedor de concepto abierto. - Balcón. - Cocina integrada. - Comedor diario. Edificio. - Recepción con control de accesos. - Seguridad con video vigilancia. - Piscina. - Gimnasio. - Terraza. - Área de bbq con parrilla. - Lavandería. Ubicacion. - Ubicado en una zona residencial muy cotizada de Miraflores, a pocas cuadras de parques, centros comerciales, restaurantes y colegios de primer nivel. Condiciones. - Contrato mínimo de 12 meses. - Modalidad 2x1 (2 meses de garantía y 1 mes de adelanto de renta) - No se permite el retiro de muebles",G0002,,True,urbania,https://urbania.pe/inmueble/clasificado/alclapin-alquiler-de-departamento-en-miraflores-lima-1-dormitorio-151124896?n_src=Listado&n_pills=Guardian%C3%ADa%2FSeguridad+privada&n_pg=1&n_pos=5,1,1,,,,,,,,,,,,,,,,,,,,,,,,,,,UNVERIFIED_NOT_RETURNED,"no contact channel; Apify re-check (1 items, USD 0.022) did not return this listing — open the link manually",2026-09-24T20:42:10-05:00,52,True,MEDIUM,LOW,NOISE UNCERTAIN,No usable coordinates — text evidence only; seller describes the street as quiet (unverified claim). Quietness estimate: low confidence.,13.0,17.35,13.0,5.0,8.0,4.55,3.5,PRIMARY,,ACCEPTABLE,43.0,total,location data unavailable (neutral score),64.4,STRICT_ALL_IN,all-in ≈ USD 832,UNKNOWN,furnished; minimum stay 12 months,INCOMPLETE_ADDRESS; INCOMPLETE_CONTACT; NO_COORDINATES; NO_PUBLICATION_DATE; PRICE_CONVERTED_FROM_PEN,17.37,FAIR_VALUE,67.0,all-in ≈ USD 832/month; furnished; building security/controlled access,no map location — noise estimate is text-only,≈ USD 832 (USD 747 rent + S/ 290 maintenance),8
urbania,150869056,https://urbania.pe/inmueble/clasificado/alclapin-alquiler-de-departamento-en-miraflores-lima-1-dormitorio-150869056?n_src=Listado&n_pills=Seguridad&n_pg=1&n_pos=12,1BR,2026-09-24T20:36:52-05:00,,,LIKELY_ACTIVE,returned by a live urbania search at 2026-09-24T20:36:52-05:00,"Departamento de 1 habitación, Lima · Exclusivo Departamento Amoblado en Miraflores","Vive con amplitud, comodidad y estilo en una de las zonas más atractivas de Miraflores. Se alquila amplio y moderno departamento completamente amoblado, ideal para quienes buscan un hogar elegante, funcional y listo para disfrutar desde el primer día. La propiedad cuenta con una excelente distribución y ambientes generosos, destacando su diseño contemporáneo y la integración de sus principales áreas sociales. Distribución y características. - Amplia habitación principal, diseñada para ofrecer máximo confort con gran clóset, baño incorporado y Balcón con vista externa, que aporta iluminación y amplitud al ambiente. Este lindo espacio amoblado para tomar el té o disfrutar de un momento de relax, aprovechando agradablemente el área. - Sala y comedor integrados, con mobiliario moderno y actual. - Cocina abierta estilo americano, perfectamente integrada al área social. - 2 baños en total. - Completamente amoblado y equipado, con muebles de diseño moderno y una decoración sobria y actual. - Cochera incluida. Una ubicación privilegiada en Miraflores. Disfruta de la comodidad de vivir en una zona con excelente conectividad y acceso a todo lo que necesitas para tu día a día. El departamento se encuentra rodeado de una amplia oferta de restaurantes, cafeterías, supermercados, tiendas, comercios y servicios y a pasos del Parque Kennedy, permitiéndote resolver tus actividades cotidianas a pocos minutos de casa. Un departamento listo para disfrutar. Una propiedad que combina amplitud, ubicación, diseño y funcionalidad, completamente amoblada para que solo tengas que llegar y disfrutar. Ideal para una persona o pareja que valore los espacios amplios, el buen gusto y la comodidad de vivir en Miraflores. ¡Agenda tu visita y descubre tu próximo hogar!",Miraflores,Lima,,,,,,,,3000.0,PEN,3000.0,886.26,PUBLISHED,CALCULATED,895.0,3000.0,1.0,330.0,PEN,330.0,97.49,PUBLISHED,CALCULATED,,3330.0,983.75,3.385,Departamento,alquiler,1,2.0,71.0,,,,,,True,,True,,,,,,,,,,,,,,,,,,,,,,,,,,,logo:1110051146601,,,https://img10.naventcdn.com/avisos/111/01/50/86/90/56/360x266/1627117076.jpg?isFirstImage=true,1,"Vive con amplitud, comodidad y estilo en una de las zonas más atractivas de Miraflores. Se alquila amplio y moderno departamento completamente amoblado, ideal para quienes buscan un hogar elegante, funcional y listo para disfrutar desde el primer día. La propiedad cuenta con una excelente distribución y ambientes generosos, destacando su diseño contemporáneo y la integración de sus principales áreas sociales. Distribución y características. - Amplia habitación principal, diseñada para ofrecer máximo confort con gran clóset, baño incorporado y Balcón con vista externa, que aporta iluminación y amplitud al ambiente. Este lindo espacio amoblado para tomar el té o disfrutar de un momento de relax, aprovechando agradablemente el área. - Sala y comedor integrados, con mobiliario moderno y actual. - Cocina abierta estilo americano, perfectamente integrada al área social. - 2 baños en total. - Completamente amoblado y equipado, con muebles de diseño moderno y una decoración sobria y actual. - Cochera incluida. Una ubicación privilegiada en Miraflores. Disfruta de la comodidad de vivir en una zona con excelente conectividad y acceso a todo lo que necesitas para tu día a día. El departamento se encuentra rodeado de una amplia oferta de restaurantes, cafeterías, supermercados, tiendas, comercios y servicios y a pasos del Parque Kennedy, permitiéndote resolver tus actividades cotidianas a pocos minutos de casa. Un departamento listo para disfrutar. Una propiedad que combina amplitud, ubicación, diseño y funcionalidad, completamente amoblada para que solo tengas que llegar y disfrutar. Ideal para una persona o pareja que valore los espacios amplios, el buen gusto y la comodidad de vivir en Miraflores. ¡Agenda tu visita y descubre tu próximo hogar!",G0009,"≈adondevivir:150869187 (same area, same price, same bathrooms, same maintenance, same advertiser, similar title, description 100% similar, shared photo id)",True,adondevivir; urbania,https://urbania.pe/inmueble/clasificado/alclapin-alquiler-de-departamento-en-miraflores-lima-1-dormitorio-150869056?n_src=Listado&n_pills=Seguridad&n_pg=1&n_pos=12; https://www.adondevivir.com/propiedades/clasificado/alclapin-exclusivo-departamento-amoblado-en-miraflores-150869187.html?n_src=Listado&n_pills=Amoblado&n_pg=1&n_pos=11,2,2,,,G0021,,,,,,,,,,,,,,,,,,,,,,,,UNVERIFIED_NOT_RETURNED,"no contact channel; Apify re-check (1 items, USD 0.022) did not return this listing — open the link manually",2026-09-24T20:42:10-05:00,50,False,UNKNOWN,LOW,NOISE UNCERTAIN,No map location and no noise-related wording in the listing — street exposure unknown. Quietness estimate: low confidence.,12.5,14.32,20.0,5.0,8.0,0.0,4.5,PRIMARY,,VERY_SPACIOUS,71.0,total,location data unavailable (neutral score),64.3,STRICT_ALL_IN,all-in ≈ USD 984,UNKNOWN,furnished,INCOMPLETE_ADDRESS; INCOMPLETE_CONTACT; NO_COORDINATES; NO_PUBLICATION_DATE; POSSIBLE_DUPLICATE; PRICE_CONVERTED_FROM_PEN,12.48,EXCELLENT_VALUE,17.0,71 m² area — very spacious for a 1-bedroom; USD 12.5/m² (excellent value vs other 1BR in sample); furnished,no map location — noise estimate is text-only,≈ USD 984 (USD 886 rent + S/ 330 maintenance),9
urbania,151159973,https://urbania.pe/inmueble/clasificado/alclapin-alquiler-de-departamento-en-miraflores-lima-2-dormitorios-151159973?n_src=Listado&n_pills=%C3%81rea+de+lavander%C3%ADa&n_pg=1&n_pos=7,2BR,2026-09-24T20:36:52-05:00,,,LIKELY_ACTIVE,returned by a live urbania search at 2026-09-24T20:36:52-05:00,"Departamento · 96m² · 2 Dormitorios · 1 Estacionamiento · Venta o Alquiler de Departamento de 2 Dorm. en Barrio Medico, Miraflores","Venta O alquiler de departamento en mirafloresventa 150, 000 dolaresalquiler 750 dolarescaracteristicassin mueblessala comedor2 dormitorios1 bañococinalavanderiadepositococherapisos laminadosse permite mascotamantenimiento 260 soles que incluye el agua",Miraflores,Lima,,,,,,,,2500.0,PEN,2500.0,738.55,PUBLISHED,CALCULATED,750.0,2500.0,1.6,260.0,PEN,260.0,76.81,PUBLISHED,CALCULATED,,2760.0,815.36,3.385,Departamento,alquiler,2,1.0,96.0,,,,,True,False,,,,True,,,,,,,,,,,,,,,,,,,,,,,,,logo:1110102438146,,,https://img10.naventcdn.com/avisos/111/01/51/15/99/73/360x266/1632922767.jpg?isFirstImage=true,1,"Venta O alquiler de departamento en mirafloresventa 150, 000 dolaresalquiler 750 dolarescaracteristicassin mueblessala comedor2 dormitorios1 bañococinalavanderiadepositococherapisos laminadosse permite mascotamantenimiento 260 soles que incluye el agua",G0013,"≈adondevivir:151159980 (same area, same price, same bathrooms, same maintenance, same advertiser, similar title, description 100% similar, shared photo id)",True,adondevivir; urbania,https://urbania.pe/inmueble/clasificado/alclapin-alquiler-de-departamento-en-miraflores-lima-2-dormitorios-151159973?n_src=Listado&n_pills=%C3%81rea+de+lavander%C3%ADa&n_pg=1&n_pos=7; https://www.adondevivir.com/propiedades/clasificado/alclapin-venta-o-alquiler-de-departamento-de-2-dorm.-en-barrio-151159980.html?n_src=Listado&n_pills=%C3%81rea+de+lavander%C3%ADa&n_pg=1&n_pos=15,2,2,,,,,,,,,,,,,,,,,,,,,,,,,,,UNVERIFIED_NOT_RETURNED,"no contact channel; Apify re-check (1 items, USD 0.022) did not return this listing — open the link manually",2026-09-24T20:42:10-05:00,50,False,UNKNOWN,LOW,NOISE UNCERTAIN,No map location and no noise-related wording in the listing — street exposure unknown. Quietness estimate: low confidence.,12.5,17.69,19.5,5.0,1.6,2.1,3.5,PRIMARY,,VERY_SPACIOUS,96.0,total,location data unavailable (neutral score),61.9,STRICT_ALL_IN,all-in ≈ USD 815,UNKNOWN,,INCOMPLETE_ADDRESS; INCOMPLETE_CONTACT; NO_COORDINATES; NO_FURNITURE; NO_PUBLICATION_DATE; PRICE_CONVERTED_FROM_PEN,7.69,EXCELLENT_VALUE,8.0,96 m² area — very spacious for a 2-bedroom; USD 7.7/m² (excellent value vs other 2BR in sample); all-in ≈ USD 815/month,unfurnished,≈ USD 815 (USD 739 rent + S/ 260 maintenance),10
urbania,151011858,https://urbania.pe/inmueble/clasificado/alclapin-alquiler-de-departamento-en-miraflores-lima-2-dormitorios-151011858?n_src=Listado&n_pills=Seguridad&n_pg=1&n_pos=2,2BR,2026-09-24T20:36:52-05:00,,,LIKELY_ACTIVE,returned by a live urbania search at 2026-09-24T20:36:52-05:00,sala · Departamento Sin Amoblar 2 Dorm. Jose Pardo Miraflores,"Se alquila departamento sin amoblar de 2 dormitorios – A pocos pasos del Malecón Cisneros, en José Pardo Miraflores. Ideal para profesionales o parejas que buscan comodidad y ubicación privilegiada. Solo se entrega con linea blanca. Distribución: 2 Dormitorios con closet2 Baños completos- Cuarto de servicio con baño de servicio- Lavandería- Cuenta con un estacionamientoDetalles: Vigilancia 24 horasMantenimiento: S/ 400. 00",Miraflores,Lima,,,,,,,,2890.0,PEN,2890.0,853.77,PUBLISHED,CALCULATED,850.0,2890.0,-0.4,400.0,PEN,400.0,118.17,PUBLISHED,CALCULATED,,3290.0,971.94,3.385,Departamento,alquiler,2,2.0,95.0,,,,,True,False,,,,True,,,,,,,,,,,,,True,,,,,,,,,,,,logo:1110102787406,,,https://img10.naventcdn.com/avisos/111/01/51/01/18/58/360x266/1629981264.jpg?isFirstImage=true,1,"Se alquila departamento sin amoblar de 2 dormitorios – A pocos pasos del Malecón Cisneros, en José Pardo Miraflores. Ideal para profesionales o parejas que buscan comodidad y ubicación privilegiada. Solo se entrega con linea blanca. Distribución: 2 Dormitorios con closet2 Baños completos- Cuarto de servicio con baño de servicio- Lavandería- Cuenta con un estacionamientoDetalles: Vigilancia 24 horasMantenimiento: S/ 400. 00",G0011,,True,urbania,https://urbania.pe/inmueble/clasificado/alclapin-alquiler-de-departamento-en-miraflores-lima-2-dormitorios-151011858?n_src=Listado&n_pills=Seguridad&n_pg=1&n_pos=2,1,1,,,,,,,,,,,,,,,,,,,,,,,,,,,PROGRAMMATIC_WARN,no contact channel,2026-09-24T20:39:11-05:00,50,False,UNKNOWN,LOW,NOISE UNCERTAIN,No map location and no noise-related wording in the listing — street exposure unknown. Quietness estimate: low confidence.,12.5,14.56,20.0,5.0,1.6,4.55,3.5,PRIMARY,,VERY_SPACIOUS,95.0,total,location data unavailable (neutral score),61.7,STRICT_ALL_IN,all-in ≈ USD 972,UNKNOWN,,INCOMPLETE_ADDRESS; INCOMPLETE_CONTACT; NO_COORDINATES; NO_FURNITURE; NO_PUBLICATION_DATE; PRICE_CONVERTED_FROM_PEN,8.99,EXCELLENT_VALUE,16.0,95 m² area — very spacious for a 2-bedroom; USD 9.0/m² (excellent value vs other 2BR in sample); building security/controlled access,unfurnished,≈ USD 972 (USD 854 rent + S/ 400 maintenance),11
urbania,150982482,https://urbania.pe/inmueble/clasificado/alclapin-alquiler-de-departamento-en-miraflores-lima-2-dormitorios-150982482?n_src=Listado&n_pills=Amoblado&n_pg=1&n_pos=10,2BR,2026-09-24T20:36:52-05:00,,,LIKELY_ACTIVE,returned by a live urbania search at 2026-09-24T20:36:52-05:00,"Departamento de 2 habitaciones, Lima · Moderno Departamento de 2 Habitaciones + Balcon | Miraflores | 80 m²",Departamento amoblado y equipado de 2 habitaciones en alquiler en Miraflores. El inmueble cuenta con 80 m² de 2 dormitorios con clóset. Características del Departamento. - 2 dormitorios con clóset. - Dormitorio principal con baño incorporado. - Segundo baño completo. - Balcón. - Menaje completo. - WiFi. - Sala y comedor iluminados. - Cocina equipada con comedor diario. - Área de lavandería. - Hall de ingreso. edificio. - Recepción. - Video vigilancia. - Piscina. - Gimnasio. - Área de bbq con parrilla. - Terraza común. ubicacion. - Zona residencial y segura. - Cerca de centros comerciales. - Cercanía a escuelas. condiciones. - Contrato mínimo de 12 meses. - Modalidad 2x1 (2 meses de garantia y 1 mes de adelanto de renta) - No se permite el retiro de muebles,Miraflores,Lima,,,,,,,,3370.0,PEN,3370.0,995.57,PUBLISHED,CALCULATED,1000.0,3370.0,0.4,350.0,PEN,350.0,103.4,PUBLISHED,CALCULATED,,3720.0,1098.97,3.385,Departamento,alquiler,2,2.0,80.0,,,,,,True,,True,,True,,,,,,,True,,,,,,True,True,True,,True,,12.0,2.0,1.0,,,,logo:1110050878153,,,https://img10.naventcdn.com/avisos/111/01/50/98/24/82/360x266/1629385177.jpg?isFirstImage=true,1,Departamento amoblado y equipado de 2 habitaciones en alquiler en Miraflores. El inmueble cuenta con 80 m² de 2 dormitorios con clóset. Características del Departamento. - 2 dormitorios con clóset. - Dormitorio principal con baño incorporado. - Segundo baño completo. - Balcón. - Menaje completo. - WiFi. - Sala y comedor iluminados. - Cocina equipada con comedor diario. - Área de lavandería. - Hall de ingreso. edificio. - Recepción. - Video vigilancia. - Piscina. - Gimnasio. - Área de bbq con parrilla. - Terraza común. ubicacion. - Zona residencial y segura. - Cerca de centros comerciales. - Cercanía a escuelas. condiciones. - Contrato mínimo de 12 meses. - Modalidad 2x1 (2 meses de garantia y 1 mes de adelanto de renta) - No se permite el retiro de muebles,G0016,"≈adondevivir:150982763 (same area, same price, same bathrooms, same maintenance, same advertiser, similar title, description 100% similar, shared photo id)",True,adondevivir; urbania,https://urbania.pe/inmueble/clasificado/alclapin-alquiler-de-departamento-en-miraflores-lima-2-dormitorios-150982482?n_src=Listado&n_pills=Amoblado&n_pg=1&n_pos=10; https://www.adondevivir.com/propiedades/clasificado/alclapin-moderno-departamento-de-2-habitaciones-balcon-150982763.html?n_src=Listado&n_pills=Cerca+a+colegios&n_pg=1&n_pos=19,2,2,,,G0027,,,,,,,,,,,,,,,,,,,,,,,,PROGRAMMATIC_WARN,no contact channel,2026-09-24T20:39:11-05:00,52,True,MEDIUM,LOW,NOISE UNCERTAIN,No usable coordinates — text evidence only; seller describes the street as quiet (unverified claim). Quietness estimate: low confidence.,13.0,10.0,18.5,5.0,8.0,4.55,4.5,PRIMARY,,GOOD,80.0,total,location data unavailable (neutral score),63.5,BASE_RENT_COMPLIANT,"rent within budget but total ≈ USD 1,099 (over USD 1,000)",UNKNOWN,furnished; minimum stay 12 months,INCOMPLETE_ADDRESS; INCOMPLETE_CONTACT; NO_COORDINATES; NO_PUBLICATION_DATE; POSSIBLE_DUPLICATE; PRICE_CONVERTED_FROM_PEN; TOTAL_COST_OVER_BUDGET,12.44,GOOD_VALUE,50.0,80 m² area — good for a 2-bedroom; USD 12.4/m² (good value vs other 2BR in sample); furnished,"rent + maintenance ≈ USD 1,099 (USD 996 rent + S/ 350 maintenance) exceeds USD 1,000","≈ USD 1,099 (USD 996 rent + S/ 350 maintenance)",12
urbania,151058338,https://urbania.pe/inmueble/clasificado/alclapin-alquiler-de-departamento-en-miraflores-lima-2-dormitorios-151058338?n_src=Listado&n_pills=Seguridad&n_pg=1&n_pos=9,2BR,2026-09-24T20:36:52-05:00,,,LIKELY_ACTIVE,returned by a live urbania search at 2026-09-24T20:36:52-05:00,Departamento · 87m² · 2 Dormitorios · 1 Estacionamiento · Departamento en Bajada Balta,"Acogedor departamento amoblado en el calle Balta con vista lateral al mar y al frente de Wong y media cuadra del parque KeneddyEste departamento con balcón, tiene una amplia sala comedor y una cocina cerrada con lavandería de buen tamaño con una estación de lavado eléctricaLa habitación principal tiene Walk in closet y baño privado. La habitación secundaria de buen tamaño con una cómoda. Ambas con camas queen. El depa también cuenta con un baño compartido. Piso 16 con linda vista a la bajada Balta y vista lateral al marCuenta con estacionamiento y depósitoAgenda ya tu visita.",Miraflores,Lima,,,,,,,,3373.0,PEN,3373.0,996.45,PUBLISHED,CALCULATED,1000.0,3373.0,0.4,350.0,PEN,350.0,103.4,PUBLISHED,CALCULATED,,3723.0,1099.85,3.385,Departamento,alquiler,2,2.0,87.0,,16.0,,,True,True,,True,,True,,,,,True,,,,,,,,,,,,,,,,,,,,logo:1110050943172,,,https://img10.naventcdn.com/avisos/111/01/51/05/83/38/360x266/1630902949.jpg?isFirstImage=true,1,"Acogedor departamento amoblado en el calle Balta con vista lateral al mar y al frente de Wong y media cuadra del parque KeneddyEste departamento con balcón, tiene una amplia sala comedor y una cocina cerrada con lavandería de buen tamaño con una estación de lavado eléctricaLa habitación principal tiene Walk in closet y baño privado. La habitación secundaria de buen tamaño con una cómoda. Ambas con camas queen. El depa también cuenta con un baño compartido. Piso 16 con linda vista a la bajada Balta y vista lateral al marCuenta con estacionamiento y depósitoAgenda ya tu visita.",G0015,"≈adondevivir:151058348 (same area, same price, same bathrooms, same maintenance, same advertiser, similar title, description 100% similar, shared photo id)",True,adondevivir; urbania,https://urbania.pe/inmueble/clasificado/alclapin-alquiler-de-departamento-en-miraflores-lima-2-dormitorios-151058338?n_src=Listado&n_pills=Seguridad&n_pg=1&n_pos=9; https://www.adondevivir.com/propiedades/clasificado/alclapin-departamento-en-bajada-balta-151058348.html?n_src=Listado&n_pills=Guardian%C3%ADa%2FSeguridad+privada&n_pg=1&n_pos=11,2,2,,,,,,,,,,,,,,,,,,,,,,,,,,,PROGRAMMATIC_WARN,no contact channel,2026-09-24T20:39:11-05:00,52,True,MEDIUM,LOW,NOISE UNCERTAIN,No usable coordinates — text evidence only; high floor (16). Quietness estimate: low confidence.,13.0,10.0,20.0,5.0,8.0,2.1,4.5,PRIMARY,,VERY_SPACIOUS,87.0,total,location data unavailable (neutral score),62.6,BASE_RENT_COMPLIANT,"rent within budget but total ≈ USD 1,100 (over USD 1,000)",UNKNOWN,furnished,INCOMPLETE_ADDRESS; INCOMPLETE_CONTACT; NO_COORDINATES; NO_PUBLICATION_DATE; PRICE_CONVERTED_FROM_PEN; TOTAL_COST_OVER_BUDGET,11.45,GOOD_VALUE,39.0,87 m² area — very spacious for a 2-bedroom; USD 11.4/m² (good value vs other 2BR in sample); furnished,"rent + maintenance ≈ USD 1,100 (USD 996 rent + S/ 350 maintenance) exceeds USD 1,000","≈ USD 1,100 (USD 996 rent + S/ 350 maintenance)",13
urbania,150518776,https://urbania.pe/inmueble/clasificado/alclapin-alquiler-de-departamento-en-miraflores-lima-1-dormitorio-150518776?n_src=Listado&n_pills=Guardian%C3%ADa%2FSeguridad+privada&n_pg=1&n_pos=13,1BR,2026-09-24T20:36:52-05:00,,,LIKELY_ACTIVE,returned by a live urbania search at 2026-09-24T20:36:52-05:00,Departamento · 68m² · 1 Dormitorio · Alquiler Departamento 1 Habitacion,"¡Se alquila hermoso Flat en Miraflores! Ubicado en la primera cuadra de la Calle Recabarren, a pasos de la Av. Pardo y a pocos minutos de la zona comercial, restaurantes y áreas turísticas más populares de Miraflores. Este exclusivo flat ofrece una distribución moderna y funcional, ideal para tu confortDistribución: Habitación principal con 2 closets mas walking closet, con baño privado, roller y black out. Sala comedor amplio con BalcónBaño completo para visitasCocina abierta totalmente equipada. Áreas Comunes: Piscina. 2 zonas de parrillas para disfrutar en familia o con amigos. Área de entretenimiento con tv y mesa de billar. ¡No pierdas la oportunidad de vivir en una de las zonas más cotizadas de Miraflores! Se aceptan mascotas (según raza y tamaño) pd: hay opcion de cocheravisitas Fáciles",Miraflores,Lima,,,,,,,,3000.0,PEN,3000.0,886.26,PUBLISHED,CALCULATED,940.0,3000.0,6.1,,,,,,,,,,3.385,Departamento,alquiler,1,1.0,68.0,,,,,,,,True,,,,,,,True,,,,,,,,,,True,,True,True,,,,,,,logo:1110001034076,,,https://img10.naventcdn.com/avisos/111/01/50/51/87/76/360x266/1623057804.jpg?isFirstImage=true,1,"¡Se alquila hermoso Flat en Miraflores! Ubicado en la primera cuadra de la Calle Recabarren, a pasos de la Av. Pardo y a pocos minutos de la zona comercial, restaurantes y áreas turísticas más populares de Miraflores. Este exclusivo flat ofrece una distribución moderna y funcional, ideal para tu confortDistribución: Habitación principal con 2 closets mas walking closet, con baño privado, roller y black out. Sala comedor amplio con BalcónBaño completo para visitasCocina abierta totalmente equipada. Áreas Comunes: Piscina. 2 zonas de parrillas para disfrutar en familia o con amigos. Área de entretenimiento con tv y mesa de billar. ¡No pierdas la oportunidad de vivir en una de las zonas más cotizadas de Miraflores! Se aceptan mascotas (según raza y tamaño) pd: hay opcion de cocheravisitas Fáciles",G0010,"≈adondevivir:150518801 (same area, same price, same bathrooms, same advertiser, similar title, description 100% similar, shared photo id)",True,adondevivir; urbania,https://urbania.pe/inmueble/clasificado/alclapin-alquiler-de-departamento-en-miraflores-lima-1-dormitorio-150518776?n_src=Listado&n_pills=Guardian%C3%ADa%2FSeguridad+privada&n_pg=1&n_pos=13; https://www.adondevivir.com/propiedades/clasificado/alclapin-alquiler-departamento-1-habitacion-150518801.html?n_src=Listado&n_pills=Ascensor&n_pg=1&n_pos=8,2,2,,,,,,,,,,,,,,,,,,,,,,,,,,,PROGRAMMATIC_WARN,no contact channel,2026-09-24T20:39:11-05:00,50,False,UNKNOWN,LOW,NOISE UNCERTAIN,No map location and no noise-related wording in the listing — street exposure unknown; listing mentions 'av. pardo' (major arterial) — check the distance. Quietness estimate: low confidence.,12.5,14.27,20.0,5.0,2.8,1.05,4.5,PRIMARY,,VERY_SPACIOUS,68.0,total,location data unavailable (neutral score),60.1,BASE_RENT_COMPLIANT,rent within budget; maintenance not published — total unknown,UNKNOWN,,CURRENCY_CONVERSION_MISMATCH; INCOMPLETE_ADDRESS; INCOMPLETE_CONTACT; MAJOR_ARTERIAL_MENTIONED; NO_COORDINATES; NO_PUBLICATION_DATE; PRICE_CONVERTED_FROM_PEN; UNKNOWN_MAINTENANCE,13.03,GOOD_VALUE,36.0,68 m² area — very spacious for a 1-bedroom; USD 13.0/m² (good value vs other 1BR in sample); balcony/terrace,maintenance fee not published — confirm before visiting,USD 886 rent + maintenance UNKNOWN,14
urbania,150850058,https://urbania.pe/inmueble/clasificado/alclapin-alquiler-de-departamento-en-alexander-von-humboldt-miraflores-1-dormitorio-150850058?n_src=Listado&n_pills=Ascensor&n_pg=1&n_pos=10,1BR,2026-09-24T20:36:52-05:00,,,LIKELY_ACTIVE,returned by a live urbania search at 2026-09-24T20:36:52-05:00,Departamento · 40m² · 1 Dormitorio · 1 Estacionamiento · Departamento en Miraflores,"Departamento de estreno en alquilerubicado en Miraflores, a 1 cuadra de la av. 28 de julio y de la estación del metropolitano. Excelente conexión con Miraflores, Barranco, Surquillo, San Borja y San isidro. Área total: 40. 16 m21 habitación1 baño completo con espejo y mamparakitchenette Sala con balcónExcelentes áreas comunes: GimnasioCoworkZona de parrillasPiscinaZona de reunionesSe entrega con cocina Cálida / Espejo / Luminaria y rollers. El precio incluye 1 estacionamiento. Contacto, Emmy Rodríguez. 9. 7. 5. 7. 1. 8. 0. 2. 9. _________Jessica Tapia - Asociados: Tu socio inmobiliario en PerúTe ayudamos a vender, comprar o alquilar tu propiedad con un servicio personalizado y profesional. Encontramos el comprador, inquilino o inmueble perfecto para ti, asegurando que todo el proceso sea ágil y seguro. Visita nuestra web y haz realidad tus metas inmobiliarias",Miraflores,Alexander Von Humboldt,,,,,,,,2800.0,PEN,2800.0,827.18,PUBLISHED,CALCULATED,740.0,2800.0,-10.5,260.0,PEN,260.0,76.81,PUBLISHED,CALCULATED,,3060.0,903.99,3.385,Departamento,alquiler,1,1.0,40.0,,,,,True,,,True,,,,,,,,,,,,,,,,True,True,,True,,,,,,,,logo:1110050885443,,,https://img10.naventcdn.com/avisos/111/01/50/85/00/58/360x266/1626734434.jpg?isFirstImage=true,1,"Departamento de estreno en alquilerubicado en Miraflores, a 1 cuadra de la av. 28 de julio y de la estación del metropolitano. Excelente conexión con Miraflores, Barranco, Surquillo, San Borja y San isidro. Área total: 40. 16 m21 habitación1 baño completo con espejo y mamparakitchenette Sala con balcónExcelentes áreas comunes: GimnasioCoworkZona de parrillasPiscinaZona de reunionesSe entrega con cocina Cálida / Espejo / Luminaria y rollers. El precio incluye 1 estacionamiento. Contacto, Emmy Rodríguez. 9. 7. 5. 7. 1. 8. 0. 2. 9. _________Jessica Tapia - Asociados: Tu socio inmobiliario en PerúTe ayudamos a vender, comprar o alquilar tu propiedad con un servicio personalizado y profesional. Encontramos el comprador, inquilino o inmueble perfecto para ti, asegurando que todo el proceso sea ágil y seguro. Visita nuestra web y haz realidad tus metas inmobiliarias",G0007,"≈adondevivir:150850070 (same area, same price, same bathrooms, same maintenance, same advertiser, similar title, description 100% similar, shared photo id)",True,adondevivir; urbania,https://urbania.pe/inmueble/clasificado/alclapin-alquiler-de-departamento-en-alexander-von-humboldt-miraflores-1-dormitorio-150850058?n_src=Listado&n_pills=Ascensor&n_pg=1&n_pos=10; https://www.adondevivir.com/propiedades/clasificado/alclapin-departamento-en-miraflores-150850070.html?n_src=Listado&n_pills=Ascensor&n_pg=1&n_pos=14,2,2,,,,,,,,,,,,,,,,,,,,,,,,,,,PROGRAMMATIC_WARN,no contact channel,2026-09-24T20:39:11-05:00,50,False,UNKNOWN,LOW,NOISE UNCERTAIN,No map location and no noise-related wording in the listing — street exposure unknown; listing mentions 'av. 28 de julio' (major arterial) — check the distance. Quietness estimate: low confidence.,12.5,15.92,12.0,5.0,2.8,2.1,4.5,PRIMARY,,ACCEPTABLE,40.0,total,location data unavailable (neutral score),54.8,STRICT_ALL_IN,all-in ≈ USD 904,UNKNOWN,,CURRENCY_CONVERSION_MISMATCH; INCOMPLETE_ADDRESS; INCOMPLETE_CONTACT; MAJOR_ARTERIAL_MENTIONED; NO_COORDINATES; NO_PUBLICATION_DATE; PRICE_CONVERTED_FROM_PEN,20.68,EXPENSIVE_RELATIVE_TO_SAMPLE,97.0,balcony/terrace,no map location — noise estimate is text-only,≈ USD 904 (USD 827 rent + S/ 260 maintenance),15
urbania,151047474,https://urbania.pe/inmueble/clasificado/alclapin-alquiler-de-departamento-en-miraflores-lima-2-dormitorios-151047474?n_src=Listado&n_pills=%C3%81rea+de+lavander%C3%ADa&n_pg=1&n_pos=12,2BR,2026-09-24T20:36:52-05:00,,,LIKELY_ACTIVE,returned by a live urbania search at 2026-09-24T20:36:52-05:00,"Departamento de 2 habitaciones, Lima · Moderno Departamento de 2 Habitaciones + Balcón | Miraflores | 60 m²",Departamento amoblado y equipado en alquiler en el distrito de Miraflores. El inmueble cuenta con 60 m² de superficie construida muy bien distribuidos en sala y comedor con acceso a un balcón que ofrece vista a la ciudad. Caracteristicas. - 2 habitaciones. - Dormitorio principal con baño incorporado. - 2 baños completos. - Sala y comedor. - Balcón con vista a la ciudad. - Cocina equipada con línea blanca. - Área de lavandería. edificio. - Recepción. - Ingreso independiente. - Gimnasio. - Piscina. - Terraza. - Área de bbq. - Zona de parrilla. - Seguridad. - Control de accesos. ubicacion. - Cerca de parques. - Próximo a centros comerciales. - Cerca de escuelas. - Zona residencial y comercial de alta conectividad. condiciones. - Contrato minimo de 12 meses. - Modalidad 2x1 (2 meses de garantía y 1 mes de adelanto de renta) - No se permite el retiro de muebles,Miraflores,Lima,,,,,,,,3365.0,PEN,3365.0,994.09,PUBLISHED,CALCULATED,1000.0,3365.0,0.6,265.0,PEN,265.0,78.29,PUBLISHED,CALCULATED,,3630.0,1072.38,3.385,Departamento,alquiler,2,2.0,65.0,,,,,,True,,True,True,True,,,,,,,True,,,,,,True,True,True,,True,,12.0,2.0,1.0,,,,logo:1110050878153,,,https://img10.naventcdn.com/avisos/111/01/51/04/74/74/360x266/1630663868.jpg?isFirstImage=true,1,Departamento amoblado y equipado en alquiler en el distrito de Miraflores. El inmueble cuenta con 60 m² de superficie construida muy bien distribuidos en sala y comedor con acceso a un balcón que ofrece vista a la ciudad. Caracteristicas. - 2 habitaciones. - Dormitorio principal con baño incorporado. - 2 baños completos. - Sala y comedor. - Balcón con vista a la ciudad. - Cocina equipada con línea blanca. - Área de lavandería. edificio. - Recepción. - Ingreso independiente. - Gimnasio. - Piscina. - Terraza. - Área de bbq. - Zona de parrilla. - Seguridad. - Control de accesos. ubicacion. - Cerca de parques. - Próximo a centros comerciales. - Cerca de escuelas. - Zona residencial y comercial de alta conectividad. condiciones. - Contrato minimo de 12 meses. - Modalidad 2x1 (2 meses de garantía y 1 mes de adelanto de renta) - No se permite el retiro de muebles,G0017,"≈adondevivir:151047555 (same area, same price, same bathrooms, same maintenance, same advertiser, similar title, description 100% similar, shared photo id)",True,adondevivir; urbania,https://urbania.pe/inmueble/clasificado/alclapin-alquiler-de-departamento-en-miraflores-lima-2-dormitorios-151047474?n_src=Listado&n_pills=%C3%81rea+de+lavander%C3%ADa&n_pg=1&n_pos=12; https://www.adondevivir.com/propiedades/clasificado/alclapin-moderno-departamento-de-2-habitaciones-balcon-151047555.html?n_src=Listado&n_pills=Gimnasio&n_pg=1&n_pos=25,2,2,,,G0027,,,,,,,,,,,,,,,,,,,,,,,,PROGRAMMATIC_WARN,no contact channel,2026-09-24T20:39:11-05:00,52,True,MEDIUM,LOW,NOISE UNCERTAIN,No usable coordinates — text evidence only; seller describes the street as quiet (unverified claim). Quietness estimate: low confidence.,13.0,10.0,13.5,5.0,8.0,4.55,4.5,PRIMARY,,ACCEPTABLE,65.0,total,location data unavailable (neutral score),58.5,BASE_RENT_COMPLIANT,"rent within budget but total ≈ USD 1,072 (over USD 1,000)",UNKNOWN,furnished; minimum stay 12 months,INCOMPLETE_ADDRESS; INCOMPLETE_CONTACT; NO_COORDINATES; NO_PUBLICATION_DATE; POSSIBLE_DUPLICATE; PRICE_CONVERTED_FROM_PEN; TOTAL_COST_OVER_BUDGET,15.29,EXPENSIVE_RELATIVE_TO_SAMPLE,87.0,furnished; building security/controlled access; balcony/terrace,"rent + maintenance ≈ USD 1,072 (USD 994 rent + S/ 265 maintenance) exceeds USD 1,000","≈ USD 1,072 (USD 994 rent + S/ 265 maintenance)",16
urbania,150752635,https://urbania.pe/inmueble/clasificado/alclapin-alquiler-de-departamento-en-miraflores-lima-1-dormitorio-150752635?n_src=Listado&n_pills=Gimnasio&n_pg=1&n_pos=4,1BR,2026-09-24T20:36:52-05:00,,,LIKELY_ACTIVE,returned by a live urbania search at 2026-09-24T20:36:52-05:00,Departamento · 39m² · 1 Dormitorio · 1 Estacionamiento · Departamento en Miraflores - Alquiler de Estreno Jose Pardo 669 - Tipo Loft Estudio - 1 Dormitorio,"Vive en uno de los mejores edificios de Estreno en Miraflores. Sobre la Av. Jose Pardo a pasos del Malecon y del Parque Kenedy. Flat en piso 5. Lindo departamento tipo loft - studio (un solo ambiente) Hermoso Balcón con vista al jardin interiorCocina estilo Open KitchenettAreas Comunes Top: Piscina con vistas panoramicas, zona de parrilla bbq, gimnasio, zona de co working, y un lindo mirador en piso en sotano y deposito incluidos. De estreno. Condiciones: Plazo minimo 12 meses de contrato. Dos meses de deposito de Garantia + 1 mes de adelanto. Demostrar buen perfil crediticio y sustento de ingresos. Coordinar visitas con anticipación con Minerva Mansilla al Cel. 9Ver datos",Miraflores,Lima,,,,,,,,2200.0,PEN,2200.0,649.93,PUBLISHED,CALCULATED,650.0,2200.0,0.0,280.0,PEN,280.0,82.72,PUBLISHED,CALCULATED,,2480.0,732.65,3.385,Departamento,alquiler,1,1.0,39.0,,5.0,,,True,,,True,,,,,,,,,,True,,,,,,True,True,,True,,12.0,,1.0,,,,logo:1110001083339,,,https://img10.naventcdn.com/avisos/111/01/50/75/26/35/360x266/1624715578.jpg?isFirstImage=true,1,"Vive en uno de los mejores edificios de Estreno en Miraflores. Sobre la Av. Jose Pardo a pasos del Malecon y del Parque Kenedy. Flat en piso 5. Lindo departamento tipo loft - studio (un solo ambiente) Hermoso Balcón con vista al jardin interiorCocina estilo Open KitchenettAreas Comunes Top: Piscina con vistas panoramicas, zona de parrilla bbq, gimnasio, zona de co working, y un lindo mirador en piso en sotano y deposito incluidos. De estreno. Condiciones: Plazo minimo 12 meses de contrato. Dos meses de deposito de Garantia + 1 mes de adelanto. Demostrar buen perfil crediticio y sustento de ingresos. Coordinar visitas con anticipación con Minerva Mansilla al Cel. 9Ver datos",G0001,,True,urbania,https://urbania.pe/inmueble/clasificado/alclapin-alquiler-de-departamento-en-miraflores-lima-1-dormitorio-150752635?n_src=Listado&n_pills=Gimnasio&n_pg=1&n_pos=4,1,1,,,G0008,,,,,,,,,,,,,,,,,,,,,,,,PROGRAMMATIC_WARN,no contact channel,2026-09-24T20:39:11-05:00,50,False,UNKNOWN,LOW,NOISE UNCERTAIN,No map location and no noise-related wording in the listing — street exposure unknown; listing mentions 'av. jose pardo' (major arterial) — check the distance. Quietness estimate: low confidence.,12.5,19.35,7.0,5.0,2.8,2.1,3.5,PRIMARY,,SMALL,39.0,total,location data unavailable (neutral score),52.2,STRICT_ALL_IN,all-in ≈ USD 733,UNKNOWN,proof of income requested; minimum stay 12 months,INCOMPLETE_ADDRESS; INCOMPLETE_CONTACT; MAJOR_ARTERIAL_MENTIONED; NO_COORDINATES; NO_PUBLICATION_DATE; POSSIBLE_DUPLICATE; PRICE_CONVERTED_FROM_PEN; STUDIO_WORDING,16.66,FAIR_VALUE,61.0,all-in ≈ USD 733/month; balcony/terrace,no map location — noise estimate is text-only,≈ USD 733 (USD 650 rent + S/ 280 maintenance),17
urbania,151167358,https://urbania.pe/inmueble/clasificado/alclapin-alquiler-de-departamento-en-miraflores-lima-2-dormitorios-151167358?n_src=Listado&n_pills=Guardian%C3%ADa%2FSeguridad+privada&n_pg=1&n_pos=8,2BR,2026-09-24T20:36:52-05:00,,,LIKELY_ACTIVE,returned by a live urbania search at 2026-09-24T20:36:52-05:00,Departamento · 81m² · 2 Dormitorios · 1 Estacionamiento · Alquilo Miraflores Sin Amoblar 4to Piso Bolívar Cdra. 4,"Alquiler: $900 sin amoblarÁrea 81 m22 dormitorios amplios-Principal con baño incorporado y clóset súper amplio pequeña mesa de escritorioDormitorio secundario bien amplio con baño afuera que a su vez es baño de visita1 cochera en sótanoCocina abierta en granitoCocina, horno, campana y terma a gas. Mantenimiento 280 incluye agua aprox. Dependiendo del consumo aguaArbitrios 281 soles trimestrales aproxArbitriosBien iluminadoVista interna sin ruidoEdificioAntigüedad 10 años7 pisos en total4 depas por piso3 cocheras de visitaVigilancia 24/7Sala de Usos múltiples/",Miraflores,Lima,,,,,,,,3110.0,PEN,3110.0,918.76,PUBLISHED,CALCULATED,900.0,3110.0,-2.0,280.0,PEN,280.0,82.72,PUBLISHED,CALCULATED,,3390.0,1001.48,3.385,Departamento,alquiler,2,2.0,81.0,,4.0,,,True,False,,,,,True,,,,,,,,,,,,True,,,,True,,,,,agua,,,logo:1110004068810,,,https://img10.naventcdn.com/avisos/111/01/51/16/73/58/360x266/1633095327.jpg?isFirstImage=true,1,"Alquiler: $900 sin amoblarÁrea 81 m22 dormitorios amplios-Principal con baño incorporado y clóset súper amplio pequeña mesa de escritorioDormitorio secundario bien amplio con baño afuera que a su vez es baño de visita1 cochera en sótanoCocina abierta en granitoCocina, horno, campana y terma a gas. Mantenimiento 280 incluye agua aprox. Dependiendo del consumo aguaArbitrios 281 soles trimestrales aproxArbitriosBien iluminadoVista interna sin ruidoEdificioAntigüedad 10 años7 pisos en total4 depas por piso3 cocheras de visitaVigilancia 24/7Sala de Usos múltiples/",G0014,"≈adondevivir:151167366 (same area, same price, same bathrooms, same maintenance, same advertiser, similar title, description 100% similar, shared photo id)",True,adondevivir; urbania,https://urbania.pe/inmueble/clasificado/alclapin-alquiler-de-departamento-en-miraflores-lima-2-dormitorios-151167358?n_src=Listado&n_pills=Guardian%C3%ADa%2FSeguridad+privada&n_pg=1&n_pos=8; https://www.adondevivir.com/propiedades/clasificado/alclapin-alquilo-miraflores-sin-amoblar-4to-piso-bolivar-cdra.-151167366.html?n_src=Listado&n_pills=Ascensor&n_pg=1&n_pos=8,2,2,,,,,,,,,,,,,,,,,,,,,,,,,,,PROGRAMMATIC_WARN,no contact channel,2026-09-24T20:39:11-05:00,56,True,MEDIUM,LOW,POSSIBLY QUIET,No usable coordinates — text evidence only; listing says interior-facing / contrafrente. Quietness estimate: low confidence.,14.0,10.0,17.0,5.0,1.6,4.55,4.5,PRIMARY,,GOOD,81.0,total,location data unavailable (neutral score),56.6,BASE_RENT_COMPLIANT,"rent within budget but total ≈ USD 1,001 (over USD 1,000)",UNKNOWN,utilities included,INCOMPLETE_ADDRESS; INCOMPLETE_CONTACT; NO_COORDINATES; NO_FURNITURE; NO_PUBLICATION_DATE; PRICE_CONVERTED_FROM_PEN; TOTAL_COST_OVER_BUDGET,11.34,GOOD_VALUE,29.0,81 m² area — good for a 2-bedroom; interior-facing; USD 11.3/m² (good value vs other 2BR in sample),"rent + maintenance ≈ USD 1,001 (USD 919 rent + S/ 280 maintenance) exceeds USD 1,000","≈ USD 1,001 (USD 919 rent + S/ 280 maintenance)",18
urbania,149641202,https://urbania.pe/inmueble/clasificado/alclapin-alquiler-de-departamento-en-miraflores-lima-2-dormitorios-149641202?n_src=Listado&n_pg=1&n_pos=18,2BR,2026-09-24T20:36:52-05:00,,,LIKELY_ACTIVE,returned by a live urbania search at 2026-09-24T20:36:52-05:00,Departamento · 79m² · 2 Dormitorios · 1 Estacionamiento · Departamento Bonito,"Ubicación: Av. Paseo de la República 3982, Miraflores, LimaÁrea construida: 79, 77 m²Habitaciones: 2Baños: 2Estacionamiento: 1Antigüedad: 11 añosDescripción: Luminoso y funcional flat de 79, 77 m² con distribución práctica que aprovecha cada espacio. Ideal para parejas o profesionales que buscan comodidad y cercanía a los principales puntos de Miraflores. A pocos minutos de restaurantes, tiendas, parques y el malecón; excelente conexión con vías principales y transporte. Destacados: - Distribución equilibrada: 2 dormitorios y 2 baños que brindan privacidad y confort. - Estacionamiento incluido (1). - Zona segura y consolidada, con todo el comercio y servicios a mano. Perfecto para quienes desean vivir en Miraflores con confort y accesibilidad. Solicita más información o agenda una visita. T. C. 3. 50Tipo de cambio referencial, sujeto a variación diaria por fluctuación del mercado",Miraflores,Lima,,-12.1313359,-77.0219665,GEOCODED_TEXT,STREET_LEVEL,MEDIUM,STREET_NUMBER from description: “Av. Paseo de la República 3982”,3360.0,PEN,3360.0,992.61,PUBLISHED,CALCULATED,960.0,3360.0,-3.3,,,,,,,,,,3.385,Departamento,alquiler,2,2.0,79.0,,,,,True,,,,,,,,,,,,,,,,,,,,,,,,,,,,,,logo:1110001460002,,,https://img10.naventcdn.com/avisos/111/01/49/64/12/02/360x266/1601834744.jpg?isFirstImage=true,1,"Ubicación: Av. Paseo de la República 3982, Miraflores, LimaÁrea construida: 79, 77 m²Habitaciones: 2Baños: 2Estacionamiento: 1Antigüedad: 11 añosDescripción: Luminoso y funcional flat de 79, 77 m² con distribución práctica que aprovecha cada espacio. Ideal para parejas o profesionales que buscan comodidad y cercanía a los principales puntos de Miraflores. A pocos minutos de restaurantes, tiendas, parques y el malecón; excelente conexión con vías principales y transporte. Destacados: - Distribución equilibrada: 2 dormitorios y 2 baños que brindan privacidad y confort. - Estacionamiento incluido (1). - Zona segura y consolidada, con todo el comercio y servicios a mano. Perfecto para quienes desean vivir en Miraflores con confort y accesibilidad. Solicita más información o agenda una visita. T. C. 3. 50Tipo de cambio referencial, sujeto a variación diaria por fluctuación del mercado",G0020,,True,urbania,https://urbania.pe/inmueble/clasificado/alclapin-alquiler-de-departamento-en-miraflores-lima-2-dormitorios-149641202?n_src=Listado&n_pg=1&n_pos=18,1,1,,,,0.0,Avenida Paseo de la República,142.0,Avenida 28 de Julio,1117.0,El Dragón,180.0,(unnamed),215.0,Mifarma,293.0,Parque Melitón Porras,59.0,La Finca Cafe,177.0,(unnamed),463.0,Malecón Diez Canseco,0.0,0.0,,,,PROGRAMMATIC_WARN,no contact channel,2026-09-24T20:39:11-05:00,30,True,HIGH,LOW,LIKELY NOISY,0 m from Avenida Paseo de la República (major road); no nightclub mapped within 500 m; listing address is on Avenida Paseo de la República — a major arterial (Vía Expresa); portal location is approximate. Quietness estimate: low confidence.,7.5,12.15,17.0,10.0,2.8,1.05,4.5,PRIMARY,,GOOD,79.0,total,"supermarket 180 m, pharmacy 215 m, park 293 m, café 59 m, bus/Metropolitano stop 177 m, Malecón 463 m",55.0,BASE_RENT_COMPLIANT,rent within budget; maintenance not published — total unknown,UNKNOWN,,APPROXIMATE_LOCATION; DIRECT_MAJOR_AVENUE; HIGH_NOISE_RISK; INCOMPLETE_ADDRESS; INCOMPLETE_CONTACT; NO_PUBLICATION_DATE; ON_MAJOR_ARTERIAL; PRICE_CONVERTED_FROM_PEN; UNKNOWN_MAINTENANCE,12.56,FAIR_VALUE,58.0,79 m² area — good for a 2-bedroom,on a major arterial (see noise evidence) — check traffic noise in the bedroom,USD 993 rent + maintenance UNKNOWN,19
urbania,150634895,https://urbania.pe/inmueble/clasificado/alclapin-alquiler-de-departamento-en-miraflores-lima-2-dormitorios-150634895?n_src=Listado&n_pills=Guardian%C3%ADa%2FSeguridad+privada&n_pg=1&n_pos=6,2BR,2026-09-24T20:36:52-05:00,,,LIKELY_ACTIVE,returned by a live urbania search at 2026-09-24T20:36:52-05:00,Departamento 95m² Alquiler Miraflores · Se Alquila Departamento de 95 m² de 2 Dorm. Mas Cochera en Miraflores,"Contacto: Grover Rosas Vela. Solicitar video del recorrido al celular del agente inmobiliario. Se alquila departamento de 2 dormitorios, con excelente ubicación con vista interna. Tiene una estratégica ubicación: A pocos minutos del Parque John F. Kennedy, y de la Universidad de Piura, cafés, restaurantes, amenidades, Cuenta con video vigilancia y recepción 24/7. Dirección: Jorge Chavez 342 miraflores Cerca al malecon cisneros. Características: - 2 Dormitorio con closet. - 3 baños completos. - Cocina con reposteros altos y bajos. - Piso 3, vista interna. - Area 95m2. - 1 cochera. - 1 deposito. - Piso pocelanato. - Mantenimiento S/. 450 incluye agua. - inquilino paga arbitrios. Condiciones: - Contrato mínimo de un año. - Demostrar sustento de ingresos (Boletas de pago o pdts) - No tener mala calificación en Infocorp. - 2 meses de garantia 1 mes de adelanto",Miraflores,Lima,,,,,,,,3300.0,PEN,3300.0,974.89,PUBLISHED,CALCULATED,990.0,3300.0,1.5,450.0,PEN,450.0,132.94,PUBLISHED,CALCULATED,,3750.0,1107.83,3.385,Departamento,alquiler,2,3.0,95.0,,3.0,,,True,,,,,,True,,,,,,,,,,,,True,,,,,,12.0,2.0,1.0,agua,,,logo:1110102945428,,,https://img10.naventcdn.com/avisos/111/01/50/63/48/95/360x266/1622279035.jpg?isFirstImage=true,1,"Contacto: Grover Rosas Vela. Solicitar video del recorrido al celular del agente inmobiliario. Se alquila departamento de 2 dormitorios, con excelente ubicación con vista interna. Tiene una estratégica ubicación: A pocos minutos del Parque John F. Kennedy, y de la Universidad de Piura, cafés, restaurantes, amenidades, Cuenta con video vigilancia y recepción 24/7. Dirección: Jorge Chavez 342 miraflores Cerca al malecon cisneros. Características: - 2 Dormitorio con closet. - 3 baños completos. - Cocina con reposteros altos y bajos. - Piso 3, vista interna. - Area 95m2. - 1 cochera. - 1 deposito. - Piso pocelanato. - Mantenimiento S/. 450 incluye agua. - inquilino paga arbitrios. Condiciones: - Contrato mínimo de un año. - Demostrar sustento de ingresos (Boletas de pago o pdts) - No tener mala calificación en Infocorp. - 2 meses de garantia 1 mes de adelanto",G0012,,True,urbania,https://urbania.pe/inmueble/clasificado/alclapin-alquiler-de-departamento-en-miraflores-lima-2-dormitorios-150634895?n_src=Listado&n_pills=Guardian%C3%ADa%2FSeguridad+privada&n_pg=1&n_pos=6,1,1,,,,,,,,,,,,,,,,,,,,,,,,,,,PROGRAMMATIC_WARN,no contact channel,2026-09-24T20:39:11-05:00,56,True,MEDIUM,LOW,POSSIBLY QUIET,No usable coordinates — text evidence only; listing says interior-facing / contrafrente. Quietness estimate: low confidence.,14.0,6.0,20.0,5.0,2.8,3.5,3.5,PRIMARY,,VERY_SPACIOUS,95.0,total,location data unavailable (neutral score),54.8,BASE_RENT_COMPLIANT,"rent within budget but total ≈ USD 1,108 (over USD 1,000)",UNKNOWN,proof of income requested; utilities included; minimum stay 12 months,INCOMPLETE_ADDRESS; INCOMPLETE_CONTACT; NO_COORDINATES; NO_PUBLICATION_DATE; PRICE_CONVERTED_FROM_PEN; TOTAL_COST_OVER_BUDGET,10.26,EXCELLENT_VALUE,21.0,95 m² area — very spacious for a 2-bedroom; interior-facing; USD 10.3/m² (excellent value vs other 2BR in sample),"rent + maintenance ≈ USD 1,108 (USD 975 rent + S/ 450 maintenance) exceeds USD 1,000","≈ USD 1,108 (USD 975 rent + S/ 450 maintenance)",20
adondevivir,150773832,https://www.adondevivir.com/propiedades/clasificado/alclapin-departamento-de-estreno-de-2-habitaciones-150773832.html?n_src=Listado&n_pills=Piscina&n_pg=1&n_pos=26,2BR,2026-09-24T20:38:05-05:00,,,LIKELY_ACTIVE,returned by a live adondevivir search at 2026-09-24T20:38:05-05:00,"Departamento de 2 habitaciones, Lima · Departamento de Estreno de 2 Habitaciones + Estacionamiento + Balcon | Miraflores | 60 m² | Estreno","Departamento en alquiler de 60 m² de superficie construida ubicado en Miraflores. caracteristicas. - 2 habitaciones. - 2 baños completos. - Balcón con vista a la ciudad. - 1 estacionamiento. - Comedor. - Cocina equipada con acabados de lujo y luminarias. - Área de lavandería. - 2 Clósets. edificio. - Piscina. - Gimnasio. - Sala de entretenimiento. - Terraza con área de bbq y parrilla. - Recepción 24/7. - Ingreso independiente. - Control de accesos. ubicacion. - Ubicado en una zona residencial y altamente conectada de Miraflores, con acceso rápido a principales avenidas y diferentes medios de transporte. Condiciones. - Contrato minimo de 12 meses. - Modalidad 2x1 (2 meses de garantía y 1 mes de adelanto de renta)",Miraflores,Lima,,,,,,,,3033.0,PEN,3033.0,896.01,PUBLISHED,CALCULATED,900.0,3033.0,0.4,370.0,PEN,370.0,109.31,PUBLISHED,CALCULATED,,3403.0,1005.32,3.385,Departamento,alquiler,2,2.0,60.0,,,,,True,,,True,True,True,,,,,,,True,,,,,,True,True,True,,True,,12.0,2.0,1.0,,,,logo:1110050878153,,,https://img10.naventcdn.com/avisos/111/01/50/77/35/94/360x266/1629310808.jpg?rapc=bXZhX2ltYWdl?isFirstImage=true,1,"Departamento en alquiler de 60 m² de superficie construida ubicado en Miraflores. caracteristicas. - 2 habitaciones. - 2 baños completos. - Balcón con vista a la ciudad. - 1 estacionamiento. - Comedor. - Cocina equipada con acabados de lujo y luminarias. - Área de lavandería. - 2 Clósets. edificio. - Piscina. - Gimnasio. - Sala de entretenimiento. - Terraza con área de bbq y parrilla. - Recepción 24/7. - Ingreso independiente. - Control de accesos. ubicacion. - Ubicado en una zona residencial y altamente conectada de Miraflores, con acceso rápido a principales avenidas y diferentes medios de transporte. Condiciones. - Contrato minimo de 12 meses. - Modalidad 2x1 (2 meses de garantía y 1 mes de adelanto de renta)",G0026,,True,adondevivir,https://www.adondevivir.com/propiedades/clasificado/alclapin-departamento-de-estreno-de-2-habitaciones-150773832.html?n_src=Listado&n_pills=Piscina&n_pg=1&n_pos=26,1,1,,,G0025; G0027,,,,,,,,,,,,,,,,,,,,,,,,PROGRAMMATIC_WARN,no contact channel,2026-09-24T20:39:11-05:00,52,True,MEDIUM,LOW,NOISE UNCERTAIN,No usable coordinates — text evidence only; seller describes the street as quiet (unverified claim). Quietness estimate: low confidence.,13.0,10.0,13.5,5.0,2.8,5.6,3.5,PRIMARY,,ACCEPTABLE,60.0,total,location data unavailable (neutral score),53.4,BASE_RENT_COMPLIANT,"rent within budget but total ≈ USD 1,005 (over USD 1,000)",UNKNOWN,minimum stay 12 months,INCOMPLETE_ADDRESS; INCOMPLETE_CONTACT; NO_COORDINATES; NO_PUBLICATION_DATE; POSSIBLE_DUPLICATE; PRICE_CONVERTED_FROM_PEN; TOTAL_COST_OVER_BUDGET,14.93,EXPENSIVE_RELATIVE_TO_SAMPLE,79.0,building security/controlled access; balcony/terrace,"rent + maintenance ≈ USD 1,005 (USD 896 rent + S/ 370 maintenance) exceeds USD 1,000","≈ USD 1,005 (USD 896 rent + S/ 370 maintenance)",21
adondevivir,149904784,https://www.adondevivir.com/propiedades/clasificado/alclapin-departamento-de-2-habitaciones-con-balcon-y-149904784.html?n_src=Listado&n_pills=Parrilla&n_pg=1&n_pos=22,2BR,2026-09-24T20:38:05-05:00,,,LIKELY_ACTIVE,returned by a live adondevivir search at 2026-09-24T20:38:05-05:00,"Departamento de 2 habitaciones, Lima · Departamento de 2 Habitaciones con Balcon y Estacionamiento | Miraflores | 63 m² | Sin Amoblar","Departamento en alquiler en Miraflores, ideal para quienes buscan comodidad y una excelente ubicación. Este inmueble de 63 m² ofrece un ambiente funcional y acogedor. Cuenta con 2 recámaras, 2 baños, y 1 estacionamiento. El interior incluye una sala y comedor integrados, cocina equipada y comedor diario. El dormitorio principal tiene baño propio y clóset. Además, posee luminarias, hall de ingreso e ingreso independiente. En el exterior, disfruta de un balcón con vista al mar, área de bbq y parrilla. El edificio ofrece gimnasio, piscina, áreas verdes, control de accesos y seguridad privada. Se admiten mascotas. Ubicado en el 6to piso, este departamento tiene acabados de lujo y cuenta con servicios básicos (agua/luz) y desagüe. Se encuentra cerca de centros comerciales, parques y ofrece fácil acceso a servicios esenciales. La zona es residencial y segura, con vigilancia y accesos controlados. Condiciones. - Contrato de minimo 12 meses. - Modalidad 2x1 (2 meses de garantia y 1 mes de adelanto de renta)",Miraflores,Lima,,,,,,,,3182.0,PEN,3182.0,940.03,PUBLISHED,CALCULATED,940.0,3182.0,-0.0,370.0,PEN,370.0,109.31,PUBLISHED,CALCULATED,,3552.0,1049.34,3.385,Departamento,alquiler,2,2.0,63.0,,6.0,,,True,False,,True,,,,True,,,,,,,,,,,True,True,True,,True,,12.0,2.0,1.0,,,,logo:1110050878153,,,https://img10.naventcdn.com/avisos/111/01/49/90/41/95/360x266/1613533962.jpg?rapc=bXZhX2ltYWdl?isFirstImage=true,1,"Departamento en alquiler en Miraflores, ideal para quienes buscan comodidad y una excelente ubicación. Este inmueble de 63 m² ofrece un ambiente funcional y acogedor. Cuenta con 2 recámaras, 2 baños, y 1 estacionamiento. El interior incluye una sala y comedor integrados, cocina equipada y comedor diario. El dormitorio principal tiene baño propio y clóset. Además, posee luminarias, hall de ingreso e ingreso independiente. En el exterior, disfruta de un balcón con vista al mar, área de bbq y parrilla. El edificio ofrece gimnasio, piscina, áreas verdes, control de accesos y seguridad privada. Se admiten mascotas. Ubicado en el 6to piso, este departamento tiene acabados de lujo y cuenta con servicios básicos (agua/luz) y desagüe. Se encuentra cerca de centros comerciales, parques y ofrece fácil acceso a servicios esenciales. La zona es residencial y segura, con vigilancia y accesos controlados. Condiciones. - Contrato de minimo 12 meses. - Modalidad 2x1 (2 meses de garantia y 1 mes de adelanto de renta)",G0025,,True,adondevivir,https://www.adondevivir.com/propiedades/clasificado/alclapin-departamento-de-2-habitaciones-con-balcon-y-149904784.html?n_src=Listado&n_pills=Parrilla&n_pg=1&n_pos=22,1,1,,,G0026; G0027,,,,,,,,,,,,,,,,,,,,,,,,PROGRAMMATIC_WARN,no contact channel,2026-09-24T20:39:11-05:00,50,False,UNKNOWN,LOW,NOISE UNCERTAIN,No map location and no noise-related wording in the listing — street exposure unknown. Quietness estimate: low confidence.,12.5,10.0,13.0,5.0,1.6,4.55,3.5,PRIMARY,,ACCEPTABLE,63.0,total,location data unavailable (neutral score),50.1,BASE_RENT_COMPLIANT,"rent within budget but total ≈ USD 1,049 (over USD 1,000)",UNKNOWN,minimum stay 12 months,INCOMPLETE_ADDRESS; INCOMPLETE_CONTACT; NO_COORDINATES; NO_FURNITURE; NO_PUBLICATION_DATE; POSSIBLE_DUPLICATE; PRICE_CONVERTED_FROM_PEN; TOTAL_COST_OVER_BUDGET,14.92,FAIR_VALUE,74.0,building security/controlled access; balcony/terrace,"rent + maintenance ≈ USD 1,049 (USD 940 rent + S/ 370 maintenance) exceeds USD 1,000","≈ USD 1,049 (USD 940 rent + S/ 370 maintenance)",22
adondevivir,151127641,https://www.adondevivir.com/propiedades/clasificado/alclapin-departamento-de-1-cuarto-mas-amplio-estudio-sin-151127641.html?n_src=Listado&n_pills=Ascensor&n_pg=1&n_pos=10,2BR,2026-09-24T20:38:05-05:00,,,LIKELY_ACTIVE,returned by a live adondevivir search at 2026-09-24T20:38:05-05:00,Departamento · 65m² · 2 Dormitorios · 1 Estacionamiento · Departamento de 1 Cuarto Más Amplio Estudio Sin Amoblar con 1 Cochera en El Malecón de La Reserva,"No mascotasA media cuadra del Malecón de la Reserva y cerca de Larcomar. Departamento de estreno con distribución versátil y acabados contemporáneos. Estudio amplio, ideal como home office o adaptable como segundo dormitorio. 65 m² | 1 dormitorio + estudio convertible en 2do dormitorio | 2 baños | 1 cochera xl | De estreno | Vista interna | Sin amoblardistribución Y acabados* Sala comedor con buena iluminación natural* Cocina americana integrada con amplia barra/isla* Muebles altos y bajos en acabado blanco* Tableros y backsplash en tonos claros* Cocina empotrada y campana extractora* Dormitorio principal con clóset de piso a techo* Estudio amplio, ideal para home office o adaptable como segundo dormitorio* 2 baños con duchas revestidas y mamparas de vidrio* Lavandería independiente con lavadero y conexión para lavadora* Conexión a gas Cálidda* Pisos de acabado tipo madera en área social y privada* Carpintería y acabados en tonos neutros* Vista interna* Sin amoblar* 1 cochera xl ubicada en sótano 3áreas comunes* Terraza social con zona bbq* Pérgola con mesas y área de reunión* Lobby de ingreso* Áreas interiores de encuentro y descanso* Patio/terraza interior con vegetación* Espacios comunes con diseño y mobiliario contemporáneoentorno cercano* A media cuadra del Malecón de la Reserva* A pocas cuadras de Larcomar* Muy cerca del Parque Domodossola* Próximo a la Parroquia Nuestra Señora de Fátima* Cerca del Miraflores Park Hotel* Rápida conexión con Av. Armendáriz, Av. Reducto y Av. La Paz* Acceso directo hacia la Costa Verde y Barranco* Rodeado de restaurantes, cafés, comercios y servicioscaracterísticas adicionales* De estreno* 65 m²* Vista interna* Sin amoblar* Gas Cálidda* No mascotas* Edificio de 10 pisos* 46 departamentos en total* Aproximadamente 5 departamentos por piso* Mantenimiento aproximado: S/350–S/360* 1 cochera xl incluida",Miraflores,Malecon Reserva,,,,,,,,3380.0,PEN,3380.0,998.52,PUBLISHED,CALCULATED,1000.0,3380.0,0.1,360.0,PEN,360.0,106.35,PUBLISHED,CALCULATED,,3740.0,1104.87,3.385,Departamento,alquiler,2,2.0,65.0,,,,,True,False,,,True,True,True,,,True,,,,,,,,,,,,,True,False,,,,,,,logo:1110001644876,,,https://img10.naventcdn.com/avisos/111/01/51/12/76/38/360x266/1632271993.jpg?rapc=bXZhX2ltYWdl?isFirstImage=true,1,"No mascotasA media cuadra del Malecón de la Reserva y cerca de Larcomar. Departamento de estreno con distribución versátil y acabados contemporáneos. Estudio amplio, ideal como home office o adaptable como segundo dormitorio. 65 m² | 1 dormitorio + estudio convertible en 2do dormitorio | 2 baños | 1 cochera xl | De estreno | Vista interna | Sin amoblardistribución Y acabados* Sala comedor con buena iluminación natural* Cocina americana integrada con amplia barra/isla* Muebles altos y bajos en acabado blanco* Tableros y backsplash en tonos claros* Cocina empotrada y campana extractora* Dormitorio principal con clóset de piso a techo* Estudio amplio, ideal para home office o adaptable como segundo dormitorio* 2 baños con duchas revestidas y mamparas de vidrio* Lavandería independiente con lavadero y conexión para lavadora* Conexión a gas Cálidda* Pisos de acabado tipo madera en área social y privada* Carpintería y acabados en tonos neutros* Vista interna* Sin amoblar* 1 cochera xl ubicada en sótano 3áreas comunes* Terraza social con zona bbq* Pérgola con mesas y área de reunión* Lobby de ingreso* Áreas interiores de encuentro y descanso* Patio/terraza interior con vegetación* Espacios comunes con diseño y mobiliario contemporáneoentorno cercano* A media cuadra del Malecón de la Reserva* A pocas cuadras de Larcomar* Muy cerca del Parque Domodossola* Próximo a la Parroquia Nuestra Señora de Fátima* Cerca del Miraflores Park Hotel* Rápida conexión con Av. Armendáriz, Av. Reducto y Av. La Paz* Acceso directo hacia la Costa Verde y Barranco* Rodeado de restaurantes, cafés, comercios y servicioscaracterísticas adicionales* De estreno* 65 m²* Vista interna* Sin amoblar* Gas Cálidda* No mascotas* Edificio de 10 pisos* 46 departamentos en total* Aproximadamente 5 departamentos por piso* Mantenimiento aproximado: S/350–S/360* 1 cochera xl incluida",G0024,,True,adondevivir,https://www.adondevivir.com/propiedades/clasificado/alclapin-departamento-de-1-cuarto-mas-amplio-estudio-sin-151127641.html?n_src=Listado&n_pills=Ascensor&n_pg=1&n_pos=10,1,1,,,,,,,,,,,,,,,,,,,,,,,,,,,PROGRAMMATIC_WARN,no contact channel,2026-09-24T20:39:11-05:00,56,True,MEDIUM,LOW,POSSIBLY QUIET,No usable coordinates — text evidence only; listing says interior-facing / contrafrente; listing mentions 'av. armendariz' (major arterial) — check the distance. Quietness estimate: low confidence.,14.0,6.0,14.5,5.0,1.6,3.15,3.5,PRIMARY,,ACCEPTABLE,65.0,total,location data unavailable (neutral score),47.8,BASE_RENT_COMPLIANT,"rent within budget but total ≈ USD 1,105 (over USD 1,000)",UNKNOWN,,INCOMPLETE_ADDRESS; INCOMPLETE_CONTACT; MAJOR_ARTERIAL_MENTIONED; NO_COORDINATES; NO_FURNITURE; NO_PUBLICATION_DATE; PRICE_CONVERTED_FROM_PEN; TOTAL_COST_OVER_BUDGET,15.36,EXPENSIVE_RELATIVE_TO_SAMPLE,95.0,interior-facing; balcony/terrace,"rent + maintenance ≈ USD 1,105 (USD 999 rent + S/ 360 maintenance) exceeds USD 1,000","≈ USD 1,105 (USD 999 rent + S/ 360 maintenance)",23
urbania,151077958,https://urbania.pe/inmueble/clasificado/alclapin-alquiler-de-departamento-en-miraflores-lima-2-dormitorios-151077958?n_src=Listado&n_pills=Seguridad&n_pg=1&n_pos=17,2BR,2026-09-24T20:36:52-05:00,,,LIKELY_ACTIVE,returned by a live urbania search at 2026-09-24T20:36:52-05:00,"Departamento 72m² Alquiler Miraflores · Se Alquila Departamento Amoblado de 2 Dorm. en Piso 8, Mas Cochera","Celular: 9. 6. 1. 8. 9. 1. 5. 2. 7. Se alquila bello departamento amoblado de 72m2 con vista interna despejada, de 2 Dormitorios con closet, ubicado en el piso 8, inmueble ubicado cerca de Av Principales como Av. Ejercito y Av. Santa Cruz, de rodeado de parques (Parque Guillermo Correa) entre otros, y cerca de bodegas, restaurantes, y colegios cercanos como ( Institución Educativa Rebeca Carrión Cachot, San Silvestre School, Institución Educativa Scipión E. Llona, I. E. P. ""Medalla de María) Dirección: Manuel Tovar 340 Miraflores. Características: - 2 dormitorios con closet. - 2 baños completos. - Area 72m2. - gas natural en la cocina, Terma electrica. - Cocina con Reposteros altos y bajos. - Ubicado en piso 08 vista interna, pero despejado nada que te tape la vista. - Mantenimiento entre S/. 420 incluye agua. - Inquilino paga arbitrios. - deposito adicional 200 soles. Areas comunes: - Sala de Reuniones. - zona de parrillas. Contrato por 12 meses ( 2meses de garantia 1 mes de adelanto) no tener mal record crediticio",Miraflores,Lima,,,,,,,,3400.0,PEN,3400.0,1004.43,PUBLISHED,CALCULATED,1010.0,3400.0,0.6,420.0,PEN,420.0,124.08,PUBLISHED,CALCULATED,,3820.0,1128.51,3.385,Departamento,alquiler,2,2.0,72.0,,8.0,,,,True,,,,,True,,,,,,,,,,,,,,,,True,,12.0,2.0,1.0,agua,,,logo:1110102945428,,,https://img10.naventcdn.com/avisos/111/01/51/07/79/58/360x266/1631300955.jpg?isFirstImage=true,1,"Celular: 9. 6. 1. 8. 9. 1. 5. 2. 7. Se alquila bello departamento amoblado de 72m2 con vista interna despejada, de 2 Dormitorios con closet, ubicado en el piso 8, inmueble ubicado cerca de Av Principales como Av. Ejercito y Av. Santa Cruz, de rodeado de parques (Parque Guillermo Correa) entre otros, y cerca de bodegas, restaurantes, y colegios cercanos como ( Institución Educativa Rebeca Carrión Cachot, San Silvestre School, Institución Educativa Scipión E. Llona, I. E. P. ""Medalla de María) Dirección: Manuel Tovar 340 Miraflores. Características: - 2 dormitorios con closet. - 2 baños completos. - Area 72m2. - gas natural en la cocina, Terma electrica. - Cocina con Reposteros altos y bajos. - Ubicado en piso 08 vista interna, pero despejado nada que te tape la vista. - Mantenimiento entre S/. 420 incluye agua. - Inquilino paga arbitrios. - deposito adicional 200 soles. Areas comunes: - Sala de Reuniones. - zona de parrillas. Contrato por 12 meses ( 2meses de garantia 1 mes de adelanto) no tener mal record crediticio",G0019,"≈adondevivir:151077963 (same area, same price, same bathrooms, same maintenance, same advertiser, similar title, description 100% similar, shared photo id)",True,adondevivir; urbania,https://urbania.pe/inmueble/clasificado/alclapin-alquiler-de-departamento-en-miraflores-lima-2-dormitorios-151077958?n_src=Listado&n_pills=Seguridad&n_pg=1&n_pos=17; https://www.adondevivir.com/propiedades/clasificado/alclapin-se-alquila-departamento-amoblado-de-2-dorm.-en-piso-8-151077963.html?n_src=Listado&n_pills=Seguridad&n_pg=1&n_pos=20,2,2,,,,,,,,,,,,,,,,,,,,,,,,,,,PROGRAMMATIC_WARN,no contact channel,2026-09-24T20:39:11-05:00,58,True,MEDIUM,LOW,POSSIBLY QUIET,No usable coordinates — text evidence only; listing says interior-facing / contrafrente; listing mentions 'av. ejercito' (major arterial) — check the distance; high floor (8). Quietness estimate: low confidence.,14.5,4.0,17.0,5.0,8.0,1.05,4.5,STRETCH,,GOOD,72.0,total,location data unavailable (neutral score),54.0,STRETCH,"rent USD 1,004 (stretch)",MEDIUM,utilities included; furnished; minimum stay 12 months,INCOMPLETE_ADDRESS; INCOMPLETE_CONTACT; MAJOR_ARTERIAL_MENTIONED; NO_COORDINATES; NO_PUBLICATION_DATE; PRICE_CONVERTED_FROM_PEN; PRICE_OVER_BUDGET; TOTAL_COST_OVER_BUDGET,13.95,FAIR_VALUE,66.0,72 m² area — good for a 2-bedroom; interior-facing; furnished,"rent + maintenance ≈ USD 1,129 (USD 1,004 rent + S/ 420 maintenance) exceeds USD 1,000","≈ USD 1,129 (USD 1,004 rent + S/ 420 maintenance)",1
adondevivir,151047414,https://www.adondevivir.com/propiedades/clasificado/alclapin-departamento-de-estreno-de-2-habitaciones-balcon-151047414.html?n_src=Listado&n_pills=Guardian%C3%ADa%2FSeguridad+privada&n_pg=1&n_pos=28,2BR,2026-09-24T20:38:05-05:00,,,LIKELY_ACTIVE,returned by a live adondevivir search at 2026-09-24T20:38:05-05:00,"Departamento de 2 habitaciones, Lima · Departamento de Estreno de 2 Habitaciones + Balcon | Miraflores | 60 m²",Departamento de estreno para alquiler en una excelente zona de Miraflores. El inmueble cuenta con 60 m² con 2 habitaciones y un espacioso balcon. Caracteristicas. - 2 dormitorios. - Dormitorio principal con baño incorporado. - 2 baños completos. - 1 balcón con vista a la ciudad. - Cocina. - Clóset. - Walk-in closet. - Área de lavandería independiente. edificio. - Hall de ingreso y recepción. - Seguridad privada. - Control de accesos. - Videovigilancia. - Piscina. - Áreas verdes. - Zona de parrilla. - Área de bbq. ubicacion. - A pocos pasos de parques. - Cerca de centros comerciales. - Cercano a escuelas. - Fácil acceso a avenidas principales. - Zona residencial y bien conectada. condiciones. - Contrato mínimo de 12 meses. - Modalidad 2x1 (2 meses de garantía y 1 mes de adelanto de renta),Miraflores,Lima,,,,,,,,3540.0,PEN,3540.0,1045.79,PUBLISHED,CALCULATED,1050.0,3540.0,0.4,350.0,PEN,350.0,103.4,PUBLISHED,CALCULATED,,3890.0,1149.19,3.385,Departamento,alquiler,2,2.0,60.0,,,,,,,,True,,True,,,,,True,,True,,,,,,True,,True,,True,,12.0,2.0,1.0,,,,logo:1110050878153,,,https://img10.naventcdn.com/avisos/111/01/51/04/70/88/360x266/1630660268.jpg?rapc=bXZhX2ltYWdl?isFirstImage=true,1,Departamento de estreno para alquiler en una excelente zona de Miraflores. El inmueble cuenta con 60 m² con 2 habitaciones y un espacioso balcon. Caracteristicas. - 2 dormitorios. - Dormitorio principal con baño incorporado. - 2 baños completos. - 1 balcón con vista a la ciudad. - Cocina. - Clóset. - Walk-in closet. - Área de lavandería independiente. edificio. - Hall de ingreso y recepción. - Seguridad privada. - Control de accesos. - Videovigilancia. - Piscina. - Áreas verdes. - Zona de parrilla. - Área de bbq. ubicacion. - A pocos pasos de parques. - Cerca de centros comerciales. - Cercano a escuelas. - Fácil acceso a avenidas principales. - Zona residencial y bien conectada. condiciones. - Contrato mínimo de 12 meses. - Modalidad 2x1 (2 meses de garantía y 1 mes de adelanto de renta),G0027,,True,adondevivir,https://www.adondevivir.com/propiedades/clasificado/alclapin-departamento-de-estreno-de-2-habitaciones-balcon-151047414.html?n_src=Listado&n_pills=Guardian%C3%ADa%2FSeguridad+privada&n_pg=1&n_pos=28,1,1,,,G0016; G0017; G0025; G0026,,,,,,,,,,,,,,,,,,,,,,,,PROGRAMMATIC_WARN,no contact channel,2026-09-24T20:39:11-05:00,52,True,MEDIUM,LOW,NOISE UNCERTAIN,No usable coordinates — text evidence only; seller describes the street as quiet (unverified claim). Quietness estimate: low confidence.,13.0,4.0,14.0,5.0,2.8,4.55,3.5,STRETCH,,ACCEPTABLE,60.0,total,location data unavailable (neutral score),46.8,STRETCH,"rent USD 1,046 (stretch)",UNKNOWN,minimum stay 12 months,INCOMPLETE_ADDRESS; INCOMPLETE_CONTACT; NO_COORDINATES; NO_PUBLICATION_DATE; POSSIBLE_DUPLICATE; PRICE_CONVERTED_FROM_PEN; PRICE_OVER_BUDGET; TOTAL_COST_OVER_BUDGET,17.43,EXPENSIVE_RELATIVE_TO_SAMPLE,100.0,building security/controlled access; balcony/terrace,"rent + maintenance ≈ USD 1,149 (USD 1,046 rent + S/ 350 maintenance) exceeds USD 1,000","≈ USD 1,149 (USD 1,046 rent + S/ 350 maintenance)",2
urbania,150439988,https://urbania.pe/inmueble/clasificado/alclapin-alquiler-de-departamento-en-miraflores-lima-1-dormitorio-150439988?n_src=Listado&n_pills=%C3%81rea+de+lavander%C3%ADa&n_pg=1&n_pos=7,1BR,2026-09-24T20:36:52-05:00,,,LIKELY_ACTIVE,returned by a live urbania search at 2026-09-24T20:36:52-05:00,"Departamento · 93m² · 1 Dormitorio · 1 Estacionamiento · Alquiler Departamento Amoblado y Equipado en Las Dalias, Miraflores","Lindo departamento en alquiler totalmente amoblado y equipado, ubicado en segundo piso, estratégicamente ubicado en zona tranquila de Miraflores cerca al hotel Marriot y a pasos de Larco Mar. Amplia sala comedor, balcón con vista a la calle, cocina abierta, lavandería y baño de servicio1 dormitorio con balcón, baño y walking closet1 cochera en el segundo sótano n# 18no mascotasascensorVigilancia 24 horasMantenimiento: S/. 350 soles",Miraflores,Lima,,,,,,,,3740.0,PEN,3740.0,1104.87,PUBLISHED,CALCULATED,1100.0,3740.0,-0.4,350.0,PEN,350.0,103.4,PUBLISHED,CALCULATED,,4090.0,1208.27,3.385,Departamento,alquiler,1,1.0,93.0,,2.0,,,True,True,,True,,True,,True,,,True,,True,,,,,True,True,,,,,False,,,,,,,logo:1110001325679,,,https://img10.naventcdn.com/avisos/111/01/50/43/99/88/360x266/1618148372.jpg?isFirstImage=true,1,"Lindo departamento en alquiler totalmente amoblado y equipado, ubicado en segundo piso, estratégicamente ubicado en zona tranquila de Miraflores cerca al hotel Marriot y a pasos de Larco Mar. Amplia sala comedor, balcón con vista a la calle, cocina abierta, lavandería y baño de servicio1 dormitorio con balcón, baño y walking closet1 cochera en el segundo sótano n# 18no mascotasascensorVigilancia 24 horasMantenimiento: S/. 350 soles",G0004,"≈adondevivir:150439990 (same area, same price, same bathrooms, same maintenance, same advertiser, similar title, description 100% similar, shared photo id)",True,adondevivir; urbania,https://urbania.pe/inmueble/clasificado/alclapin-alquiler-de-departamento-en-miraflores-lima-1-dormitorio-150439988?n_src=Listado&n_pills=%C3%81rea+de+lavander%C3%ADa&n_pg=1&n_pos=7; https://www.adondevivir.com/propiedades/clasificado/alclapin-alquiler-departamento-amoblado-y-equipado-en-las-150439990.html?n_src=Listado&n_pills=Ascensor&n_pg=1&n_pos=10,2,2,,,,,,,,,,,,,,,,,,,,,,,,,,,PROGRAMMATIC_WARN,no contact channel,2026-09-24T20:39:11-05:00,52,True,MEDIUM,LOW,NOISE UNCERTAIN,No usable coordinates — text evidence only; seller describes the street as quiet (unverified claim). Quietness estimate: low confidence.,13.0,0.0,20.0,5.0,8.0,5.95,4.5,BORDERLINE,,VERY_SPACIOUS,93.0,total,location data unavailable (neutral score),56.5,BORDERLINE,"normalised rent USD 1,104.87 is 0.4% above the USD 1,100 stretch ceiling — not budget-compliant",UNKNOWN,furnished,BORDERLINE_OVER_STRETCH; INCOMPLETE_ADDRESS; INCOMPLETE_CONTACT; NO_COORDINATES; NO_PUBLICATION_DATE; PRICE_CONVERTED_FROM_PEN; PRICE_OVER_BUDGET; TOTAL_COST_OVER_BUDGET,11.88,INSUFFICIENT_DATA,,93 m² area — very spacious for a 1-bedroom; furnished; building security/controlled access,"rent + maintenance ≈ USD 1,208 (USD 1,105 rent + S/ 350 maintenance) exceeds USD 1,000","≈ USD 1,208 (USD 1,105 rent + S/ 350 maintenance)",1
urbania,145908821,https://urbania.pe/inmueble/clasificado/alclapin-alquiler-de-departamento-en-miraflores-lima-2-dormitorios-145908821?n_src=Listado&n_pills=Amoblado&n_pg=1&n_pos=14,2BR,2026-09-24T20:36:52-05:00,,,LIKELY_ACTIVE,returned by a live urbania search at 2026-09-24T20:36:52-05:00,"Departamento de 2 habitaciones, Lima · Alquilo - Departamento de 2 Dorm. con 2 Baños Completo",Alquilo - Departamento de 2 dormitorios con 2 baños completo. Alquilo duplex amoblado de 2 dormitorios con 2 baños completos. 93 metros en el corazon de Miraflores. Amoblado. Primer piso: Sala/comedor con cocina abierta. Pequeño lavandería. Segundo Piso: 2 dormitorios cada uno con su baño. Incluye 1 cochera. Mantenimiento: 300 soles,Miraflores,Lima,,,,,,,,3800.0,PEN,3800.0,1122.6,PUBLISHED,CALCULATED,1150.0,3800.0,2.4,300.0,PEN,300.0,88.63,PUBLISHED,CALCULATED,,4100.0,1211.23,3.385,Departamento,alquiler,2,2.0,93.0,,1.0,,,True,True,,,,True,,,,,,,,,,,,,,,,,,,,,,,,,logo:1110051154253,,,https://img10.naventcdn.com/avisos/111/01/45/90/88/21/360x266/1518995604.jpg?isFirstImage=true,1,Alquilo - Departamento de 2 dormitorios con 2 baños completo. Alquilo duplex amoblado de 2 dormitorios con 2 baños completos. 93 metros en el corazon de Miraflores. Amoblado. Primer piso: Sala/comedor con cocina abierta. Pequeño lavandería. Segundo Piso: 2 dormitorios cada uno con su baño. Incluye 1 cochera. Mantenimiento: 300 soles,G0018,,True,urbania,https://urbania.pe/inmueble/clasificado/alclapin-alquiler-de-departamento-en-miraflores-lima-2-dormitorios-145908821?n_src=Listado&n_pills=Amoblado&n_pg=1&n_pos=14,1,1,,,,,,,,,,,,,,,,,,,,,,,,,,,,,,50,False,UNKNOWN,LOW,NOISE UNCERTAIN,No map location and no noise-related wording in the listing — street exposure unknown. Quietness estimate: low confidence.,12.5,0.0,20.0,5.0,8.0,2.1,3.5,EXCLUDED,rent USD 1123 above stretch ceiling,VERY_SPACIOUS,93.0,total,location data unavailable (neutral score),51.1,OVER_BUDGET,"rent USD 1,123",UNKNOWN,furnished,INCOMPLETE_ADDRESS; INCOMPLETE_CONTACT; NO_COORDINATES; NO_PUBLICATION_DATE; PRICE_CONVERTED_FROM_PEN; PRICE_OVER_BUDGET; TOTAL_COST_OVER_BUDGET,12.07,INSUFFICIENT_DATA,,93 m² area — very spacious for a 2-bedroom; furnished,"rent + maintenance ≈ USD 1,211 (USD 1,123 rent + S/ 300 maintenance) exceeds USD 1,000","≈ USD 1,211 (USD 1,123 rent + S/ 300 maintenance)",1
